-- phpMyAdmin SQL Dump
-- version 4.8.0
-- https://www.phpmyadmin.net/
--
-- Máy chủ: 127.0.0.1
-- Thời gian đã tạo: Th4 27, 2018 lúc 02:20 PM
-- Phiên bản máy phục vụ: 10.1.31-MariaDB
-- Phiên bản PHP: 7.2.4

SET SQL_MODE = "NO_AUTO_VALUE_ON_ZERO";
SET AUTOCOMMIT = 0;
START TRANSACTION;
SET time_zone = "+00:00";


/*!40101 SET @OLD_CHARACTER_SET_CLIENT=@@CHARACTER_SET_CLIENT */;
/*!40101 SET @OLD_CHARACTER_SET_RESULTS=@@CHARACTER_SET_RESULTS */;
/*!40101 SET @OLD_COLLATION_CONNECTION=@@COLLATION_CONNECTION */;
/*!40101 SET NAMES utf8mb4 */;

--
-- Cơ sở dữ liệu: `bstory`
--

-- --------------------------------------------------------

--
-- Cấu trúc bảng cho bảng `cat`
--

CREATE TABLE `cat` (
  `cat_id` int(11) NOT NULL,
  `name` varchar(100) COLLATE utf8_unicode_ci NOT NULL
) ENGINE=InnoDB DEFAULT CHARSET=utf8 COLLATE=utf8_unicode_ci;

--
-- Đang đổ dữ liệu cho bảng `cat`
--

INSERT INTO `cat` (`cat_id`, `name`) VALUES
(19, 'Ngôn tình'),
(21, 'Kiếm Hiệp'),
(30, 'Tiên Hiệp'),
(31, 'Truyện ngắn'),
(32, 'Truyện blog');

-- --------------------------------------------------------

--
-- Cấu trúc bảng cho bảng `comment`
--

CREATE TABLE `comment` (
  `id` int(11) NOT NULL,
  `story_id` int(11) NOT NULL,
  `fullname` varchar(150) COLLATE utf8_unicode_ci NOT NULL,
  `email` varchar(150) COLLATE utf8_unicode_ci NOT NULL,
  `noidung` text COLLATE utf8_unicode_ci NOT NULL,
  `thoigian` timestamp NOT NULL DEFAULT CURRENT_TIMESTAMP ON UPDATE CURRENT_TIMESTAMP,
  `avt` varchar(50) COLLATE utf8_unicode_ci NOT NULL
) ENGINE=InnoDB DEFAULT CHARSET=utf8 COLLATE=utf8_unicode_ci;

--
-- Đang đổ dữ liệu cho bảng `comment`
--

INSERT INTO `comment` (`id`, `story_id`, `fullname`, `email`, `noidung`, `thoigian`, `avt`) VALUES
(47, 64, 'Nguyên', 'ptnbk@2401', 'Tôi yêu việt nam', '2018-04-25 11:48:48', '27.jpg'),
(48, 64, 'Trần Quốc Tuấn', 'quoctuan@gmail.com', 'Hay quá VN', '2018-04-25 11:50:16', '8.jpg'),
(50, 63, 'Thanh Thanh', 'songthanh@yu.com', 'Gắng lên', '2018-04-25 11:51:44', '13.jpg'),
(51, 62, 'Bảo Ngọc', 'bg@gmail.com', 'Duyên trời ban\n', '2018-04-25 11:52:26', '7.jpg'),
(52, 57, 'Đế quân', 'dk@hk.com', 'Hay quá', '2018-04-25 11:52:54', '2.jpg'),
(53, 64, 'Phan Thanh Nguyên', 'ptnbk2401@gmail.com', 'Truyện Hay quá', '2018-04-27 09:58:33', '25.jpg'),
(54, 62, 'Lý Mạc Sầu', 'macsau@yh.com', 'Hỡi thế gian Tình ái là chi', '2018-04-27 10:01:41', '10.jpg'),
(55, 62, 'Lục Triển Nguyên ', '', 'Đẹp trai quá nhiều Gái theo cũng khổ', '2018-04-27 10:02:43', '1.jpg'),
(56, 61, 'Lệ Nhím', '', '\"Nghe nè. Nói 1 lần thôi đấy!\"', '2018-04-27 10:23:17', '25.jpg'),
(60, 61, 'Phương', '', 'Nói đi', '2018-04-27 10:37:21', '11.jpg'),
(61, 61, 'Kiki', '', 'Anh yêu vợ! Yêu nhiều lắm!', '2018-04-27 10:37:47', '30.jpg'),
(62, 57, 'Tử Họa', '', 'Cũng tạm được\n', '2018-04-27 10:38:44', '27.jpg'),
(63, 56, 'Triệu Phong', '', 'Đối diện với sức ép mà đệ tử chính tộc nhằm vào những đệ tử chi tộc không có chỗ dựa, Triệu Phong gần như đã tuyệt vọng, tự hận bản thân mình không có thực lực, không có khả năng thay đổi được địa vị của bản thân trong mắt mọi người.', '2018-04-27 10:39:14', '28.jpg'),
(64, 46, 'Minh Anh', '', 'Nói tóm lại, đây cũng chỉ là một tên vẻ ngoài yêu nghiệt nhưng bên trong thì đen tối sài lang hổ báo, giả làm heo để ăn thịt hổ, mạnh mẽ kết hợp, cặn bã nam cặn bã nữ gây dựng nên đại lộ Hollywood đầy hào quang.', '2018-04-27 11:54:51', '20.jpg'),
(65, 46, 'Quỳnh Chi', '', 'Hắn nở nụ cười đầy ma mị:”Em đừng hòng tiếp xúc người đàn ông nào khác ngoài tôi!”', '2018-04-27 11:55:06', '23.jpg'),
(66, 46, 'Long Nhật', '', 'Phong Kiêu có một cô vợ trẻ như hoa như ngọc, thế nhưng luôn trốn mình đi đóng phim, đã vậy còn luôn cố tỏ ra vẻ già dặn khiến anh phải đau đầu.', '2018-04-27 11:55:27', '17.jpg');

-- --------------------------------------------------------

--
-- Cấu trúc bảng cho bảng `contact`
--

CREATE TABLE `contact` (
  `contact_id` int(255) NOT NULL,
  `name` varchar(100) COLLATE utf8_unicode_ci NOT NULL,
  `email` varchar(100) COLLATE utf8_unicode_ci NOT NULL,
  `website` varchar(100) COLLATE utf8_unicode_ci NOT NULL,
  `content` text COLLATE utf8_unicode_ci NOT NULL,
  `traloi` int(2) NOT NULL
) ENGINE=InnoDB DEFAULT CHARSET=utf8 COLLATE=utf8_unicode_ci;

--
-- Đang đổ dữ liệu cho bảng `contact`
--

INSERT INTO `contact` (`contact_id`, `name`, `email`, `website`, `content`, `traloi`) VALUES
(11, 'Bill Gates', 'gates@typhu.com', 'Microsoft.com', 'Tôi muốn mua trang web của bạn! Giá cả không thành vấn đề', 1),
(12, 'Mark Zuckerberg', 'Mark@fb.com', 'fb.com', 'Tôi sẽ đổi facebook để lấy trang web này.', 0);

-- --------------------------------------------------------

--
-- Cấu trúc bảng cho bảng `slide`
--

CREATE TABLE `slide` (
  `ID` int(11) NOT NULL,
  `filename` varchar(100) COLLATE utf8_unicode_ci NOT NULL,
  `tentruyen` varchar(250) COLLATE utf8_unicode_ci NOT NULL,
  `hienthi` int(3) NOT NULL
) ENGINE=InnoDB DEFAULT CHARSET=utf8 COLLATE=utf8_unicode_ci;

--
-- Đang đổ dữ liệu cho bảng `slide`
--

INSERT INTO `slide` (`ID`, `filename`, `tentruyen`, `hienthi`) VALUES
(1, 'SLIDE-default.jpg', 'Đang cập nhật', 0),
(5, 'SLIDE-1524493398.jpg', 'Songoku', 1),
(6, 'SLIDE-1524493406.jpg', 'DOREMON', 1),
(10, 'SLIDE-1524493417.jpg', 'InuYasha', 1),
(11, 'SLIDE-1524493424.jpg', 'Pokemon', 1),
(12, 'SLIDE-1524493435.jpg', 'Conan', 0),
(13, 'SLIDE-1524493448.jpg', 'Yugioh ', 0);

-- --------------------------------------------------------

--
-- Cấu trúc bảng cho bảng `story`
--

CREATE TABLE `story` (
  `story_id` int(11) NOT NULL,
  `cat_id` int(255) NOT NULL,
  `name` varchar(100) COLLATE utf8_unicode_ci NOT NULL,
  `preview_text` varchar(255) COLLATE utf8_unicode_ci NOT NULL,
  `detail_text` text COLLATE utf8_unicode_ci NOT NULL,
  `so_comment` int(11) NOT NULL,
  `counter` int(11) NOT NULL,
  `Tacgia` varchar(250) COLLATE utf8_unicode_ci NOT NULL DEFAULT 'Đang cập nhật',
  `picture` varchar(100) COLLATE utf8_unicode_ci NOT NULL,
  `public` int(2) NOT NULL,
  `created_at` timestamp NOT NULL DEFAULT CURRENT_TIMESTAMP ON UPDATE CURRENT_TIMESTAMP,
  `slide_id` int(11) NOT NULL DEFAULT '1'
) ENGINE=InnoDB DEFAULT CHARSET=utf8 COLLATE=utf8_unicode_ci;

--
-- Đang đổ dữ liệu cho bảng `story`
--

INSERT INTO `story` (`story_id`, `cat_id`, `name`, `preview_text`, `detail_text`, `so_comment`, `counter`, `Tacgia`, `picture`, `public`, `created_at`, `slide_id`) VALUES
(40, 30, 'TUYỆT THẾ ĐƯỜNG MÔN', 'Nơi đây không có ma pháp, không có đấu khí, cũng không có võ thuật, chỉ có duy nhất thứ gọi là Vũ Hồn. Trên mảnh đất Đấu La Đại Lục, Đường Môn sau vạn năm huy hoàng đã bắt đầu bước vào con đường suy thoái. Một lớp anh tài mới xuất hiện, liệu thế hệ Sử Lai', '<p><img alt=\"Tuyệt Thế Đường Môn\" src=\"http://sstruyen.com/images/story/Tuyet-The-Duong-Mon.jpg\" style=\"height:210px; width:160px\" /></p>\r\n\r\n<h1><a href=\"http://sstruyen.com/doc-truyen/tuyet-the-duong-mon/1000.html\">TUYỆT THẾ ĐƯỜNG M&Ocirc;N</a></h1>\r\n\r\n<ul>\r\n	<li>\r\n	<p>T&aacute;c Giả :</p>\r\n\r\n	<p><a href=\"http://sstruyen.com/doc-truyen/tac-gia/duong-gia-tam-thieu.html\">Đường Gia Tam Thiếu</a></p>\r\n	</li>\r\n	<li>\r\n	<p>Thể loại :</p>\r\n\r\n	<p><a href=\"http://sstruyen.com/doc-truyen/tien-hiep.html\">Ti&ecirc;n Hiệp</a></p>\r\n	</li>\r\n	<li>\r\n	<p>Số Chương :</p>\r\n\r\n	<p>591</p>\r\n	</li>\r\n	<li>\r\n	<p>Trạng Th&aacute;i :</p>\r\n\r\n	<p>C&ograve;n Tiếp</p>\r\n	</li>\r\n	<li>\r\n	<p>Lần Đọc :</p>\r\n\r\n	<p>2243719</p>\r\n	</li>\r\n	<li>\r\n	<p>Like ngay :</p>\r\n\r\n	<p>&nbsp;</p>\r\n	</li>\r\n</ul>\r\n\r\n<p><a href=\"http://sstruyen.com/doc-truyen/tien-hiep/tuyet-the-duong-mon/chuong-0-gioi-thieu/184848.html\">Đọc Từ Đầu</a>&nbsp;<a href=\"http://sstruyen.com/doc-truyen/tien-hiep/tuyet-the-duong-mon/q4---chuong-432-phao-dai-hoang-cung-thuong/1443070.html\">Đọc Mới Nhất</a>&nbsp;<a href=\"http://sstruyen.com/doc-truyen/tuyet-the-duong-mon/1000.html#chaplist\">Danh S&aacute;ch Chương</a></p>\r\n\r\n<p>&nbsp;</p>\r\n\r\n<p>Nội Dung Truyện :&nbsp;<strong>Tuyệt Thế Đường M&ocirc;n</strong></p>\r\n\r\n<p>Nguồn: 4vn.eu<br />\r\n<br />\r\nGiới Thiệu:<br />\r\n<br />\r\nNơi đ&acirc;y kh&ocirc;ng c&oacute; ma ph&aacute;p, kh&ocirc;ng c&oacute; đấu kh&iacute;, cũng kh&ocirc;ng c&oacute; v&otilde; thuật, chỉ c&oacute; duy nhất thứ gọi l&agrave; Vũ Hồn. Tr&ecirc;n mảnh đất Đấu La Đại Lục, Đường M&ocirc;n sau vạn năm huy ho&agrave;ng đ&atilde; bắt đầu bước v&agrave;o con đường suy tho&aacute;i. Một lớp anh t&agrave;i mới xuất hiện, liệu thế hệ Sử Lai Khắc Thất Qu&aacute;i mới n&agrave;y c&oacute; chấn hưng được Đường M&ocirc;n hay kh&ocirc;ng? Bản anh h&ugrave;ng ca về Đường M&ocirc;n khi xưa c&oacute; thể t&aacute;i hiện một lần nữa hay kh&ocirc;ng?<br />\r\n<br />\r\nBản th&acirc;n c&oacute; B&aacute;ch vạn ni&ecirc;n hồn th&uacute;, tay cầm thần cung Nhật Nguyệt Tr&iacute;ch Tinh của Tử Linh Th&aacute;nh Ph&aacute;p Thần, khi hắn xuất hiện liền tiếp th&ecirc;m một luồng sinh kh&iacute; mới cho Đường M&ocirc;n đ&atilde; suy yếu. Tất cả b&iacute; ẩn dần dần h&eacute; mở...<br />\r\n<br />\r\nLiệu &aacute;m kh&iacute; Đường M&ocirc;n c&oacute; thể lại một lần nữa danh chấn thi&ecirc;n hạ kh&ocirc;ng? Huy ho&agrave;ng của Đường M&ocirc;n khi xưa phải chăng c&ograve;n c&oacute; thể t&aacute;i hiện? Mọi thứ đều nằm ở đ&acirc;y - Tuyệt Thế Đường M&ocirc;n [ Đấu La Đại Lục II ]</p>\r\n', 2, 7, 'Đang cập nhật', 'VNE-1524821667.jpg', 1, '2018-04-27 11:54:11', 1),
(42, 30, 'YÊU THẦN KÝ', 'Yêu Linh sư mạnh nhất - Nhiếp Ly - bởi vì một quyển thần bí Thời Không Yêu Linh Chi Thư trùng sinh lại thời còn trẻ.', '<p><img alt=\"Yêu Thần Ký\" src=\"http://sstruyen.com/images/story/Yeu-Than-Ky.jpg\" style=\"height:210px; width:160px\" /></p>\r\n\r\n<h1><a href=\"http://sstruyen.com/doc-truyen/yeu-than-ky/7742.html\">Y&Ecirc;U THẦN K&Yacute;</a></h1>\r\n\r\n<ul>\r\n	<li>\r\n	<p>T&aacute;c Giả :</p>\r\n\r\n	<p><a href=\"http://sstruyen.com/doc-truyen/tac-gia/oc-sen-noi-doa.html\">Ốc S&ecirc;n Nổi Đ&oacute;a</a></p>\r\n	</li>\r\n	<li>\r\n	<p>Thể loại :</p>\r\n\r\n	<p><a href=\"http://sstruyen.com/doc-truyen/tien-hiep.html\">Ti&ecirc;n Hiệp</a>,&nbsp;<a href=\"http://sstruyen.com/doc-truyen/khoa-huyen.html\">Khoa Huyễn</a>,&nbsp;<a href=\"http://sstruyen.com/doc-truyen/trong-sinh.html\">Trọng Sinh</a></p>\r\n	</li>\r\n	<li>\r\n	<p>Nguồn :</p>\r\n\r\n	<p>truyenngay.com</p>\r\n	</li>\r\n	<li>\r\n	<p>Số Chương :</p>\r\n\r\n	<p>462</p>\r\n	</li>\r\n	<li>\r\n	<p>Trạng Th&aacute;i :</p>\r\n\r\n	<p>C&ograve;n Tiếp</p>\r\n	</li>\r\n	<li>\r\n	<p>Lần Đọc :</p>\r\n\r\n	<p>2483614</p>\r\n	</li>\r\n	<li>\r\n	<p>Like ngay :</p>\r\n\r\n	<p>&nbsp;</p>\r\n	</li>\r\n</ul>\r\n\r\n<p><a href=\"http://sstruyen.com/doc-truyen/tien-hiep/yeu-than-ky/chuong-1-trung-sinh/728784.html\">Đọc Từ Đầu</a>&nbsp;<a href=\"http://sstruyen.com/doc-truyen/tien-hiep/yeu-than-ky/chuong-464-ho-tong-dai-tran/1442769.html\">Đọc Mới Nhất</a>&nbsp;<a href=\"http://sstruyen.com/doc-truyen/yeu-than-ky/7742.html#chaplist\">Danh S&aacute;ch Chương</a></p>\r\n\r\n<p>&nbsp;</p>\r\n\r\n<p>Nội Dung Truyện :&nbsp;<strong>Y&ecirc;u Thần K&yacute;</strong></p>\r\n\r\n<p>Y&ecirc;u Linh sư mạnh nhất - Nhiếp Ly - bởi v&igrave; một quyển thần b&iacute; Thời Kh&ocirc;ng Y&ecirc;u Linh Chi Thư tr&ugrave;ng sinh lại thời c&ograve;n trẻ.</p>\r\n\r\n<p>&nbsp;</p>\r\n\r\n<p>&nbsp;</p>\r\n\r\n<p>C&oacute; tu luyện phải tu luyện được c&ocirc;ng ph&aacute;p mạnh nhất, lực lượng Y&ecirc;u Linh mạnh nhất, bước ch&acirc;n l&ecirc;n v&otilde; đạo đỉnh phong! Cừu nh&acirc;n kiếp trước, to&agrave;n bộ thanh to&aacute;n. Nếu như tr&ugrave;ng sinh, ở kiếp n&agrave;y ta ch&iacute;nh l&agrave; Ch&uacute;a Tể tất cả Ch&uacute;ng Thần Chi Vương, để cho hết thảy đều run rẩy ở dưới ch&acirc;n ta a. Mời c&aacute;c bạn theo d&otilde;i bộ truyện đạt top huyền huyễn của qidian nh&eacute;.</p>\r\n', 0, 4, 'Đang cập nhật', 'VNE-1524821656.jpg', 1, '2018-04-27 12:10:53', 1),
(44, 30, 'MÃNG HOANG KỶ', 'Một đứa bé sinh ra đã bị bệnh hiểm nghèo, vừa hiểu được giá trị của cuộc đời đã phải đếm dần ngày chết.', '<p><img alt=\"Mãng Hoang Kỷ\" src=\"http://sstruyen.com/images/story/Mang-Hoang-Ky.jpg\" style=\"height:210px; width:160px\" /></p>\r\n\r\n<h1><a href=\"http://sstruyen.com/doc-truyen/mang-hoang-ky/848.html\">M&Atilde;NG HOANG KỶ</a></h1>\r\n\r\n<ul>\r\n	<li>\r\n	<p>T&aacute;c Giả :</p>\r\n\r\n	<p><a href=\"http://sstruyen.com/doc-truyen/tac-gia/nga-cat-tay-hong-thi.html\">Ng&atilde; Cật T&acirc;y Hồng Thị</a></p>\r\n	</li>\r\n	<li>\r\n	<p>Thể loại :</p>\r\n\r\n	<p><a href=\"http://sstruyen.com/doc-truyen/tien-hiep.html\">Ti&ecirc;n Hiệp</a>,&nbsp;<a href=\"http://sstruyen.com/doc-truyen/kiem-hiep.html\">Kiếm Hiệp</a>,&nbsp;<a href=\"http://sstruyen.com/doc-truyen/huyen-huyen.html\">Huyền Huyễn</a></p>\r\n	</li>\r\n	<li>\r\n	<p>Số Chương :</p>\r\n\r\n	<p>617</p>\r\n	</li>\r\n	<li>\r\n	<p>Trạng Th&aacute;i :</p>\r\n\r\n	<p>C&ograve;n Tiếp</p>\r\n	</li>\r\n	<li>\r\n	<p>Lần Đọc :</p>\r\n\r\n	<p>1093683</p>\r\n	</li>\r\n	<li>\r\n	<p>Like ngay :</p>\r\n\r\n	<p>&nbsp;</p>\r\n	</li>\r\n</ul>\r\n\r\n<p><a href=\"http://sstruyen.com/doc-truyen/tien-hiep/mang-hoang-ky/chuong-1-dia-phu/119693.html\">Đọc Từ Đầu</a>&nbsp;<a href=\"http://sstruyen.com/doc-truyen/tien-hiep/mang-hoang-ky/q18---chuong-109-dien-cuong/1441895.html\">Đọc Mới Nhất</a>&nbsp;<a href=\"http://sstruyen.com/doc-truyen/mang-hoang-ky/848.html#chaplist\">Danh S&aacute;ch Chương</a></p>\r\n\r\n<p>&nbsp;</p>\r\n\r\n<p>Nội Dung Truyện :&nbsp;<strong>M&atilde;ng Hoang Kỷ</strong></p>\r\n\r\n<p>Nguồn: 4vn, Bạch Ngọc S&aacute;ch<br />\r\n<br />\r\nMột đứa b&eacute; sinh ra đ&atilde; bị bệnh hiểm ngh&egrave;o, vừa hiểu được gi&aacute; trị của cuộc đời đ&atilde; phải đếm dần ng&agrave;y chết.<br />\r\n<br />\r\nC&ocirc; độc gặm nhấm nỗi đau mười t&aacute;m năm trời cuối c&ugrave;ng cũng kh&ocirc;ng thể tr&aacute;nh được số mệnh, người thanh ni&ecirc;n đ&oacute; m&atilde;i m&atilde;i ra đi.<br />\r\n<br />\r\nNhưng hắn đ&acirc;u ngờ chết đi lại l&agrave; một khởi đầu mới, l&agrave; một chuỗi nối tiếp nh&acirc;n quả của kiếp trước, v&agrave; l&agrave; cơ may cũng như một tương lai rạng ngời cho kiếp sống mới, lu&acirc;n hồi, đầu thai&hellip; những kh&aacute;i niệm m&agrave; người thanh ni&ecirc;n n&agrave;y chỉ gặp trong phim ảnh bỗng chốc h&oacute;a th&agrave;nh hiện thực&hellip;<br />\r\n<br />\r\nDang tay đ&oacute;n ch&agrave;o hắn l&agrave; một v&ugrave;ng trời bao la rộng lớn, Tr&aacute;i Đất trước kia vốn chỉ l&agrave; một trong h&agrave;ng tỉ thế giới nhỏ nhoi, ở tr&ecirc;n c&ograve;n th&ecirc;m ba ngh&igrave;n thế giới lớn nữa&hellip; v&agrave; tất cả cũng chỉ mới nằm trong Nh&acirc;n Giới trực thuộc Tam Giới.<br />\r\n<br />\r\nKỳ ngộ nhờ c&ocirc;ng đức từ kiếp trước, nay sẽ gi&uacute;p hắn c&oacute; cơ hội s&aacute;nh vai c&ugrave;ng thi&ecirc;n binh thi&ecirc;n tướng, Khoa Phụ, Hậu Nghệ&hellip; hơn nữa c&ograve;n c&oacute; khả năng được tiếp x&uacute;c với c&aacute;c vị thần xa xưa như B&agrave;n Cổ, Nữ Oa&hellip;<br />\r\n<br />\r\nChặng đường rất d&agrave;i, tranh đấu khốc liệt, bước từng bước nhỏ tr&ecirc;n con đường tu ti&ecirc;n để đạt được trường sinh vĩnh hằng, c&aacute;c tầng lớp thế giới chất chồng l&ecirc;n nhau, người &ndash; ma &ndash; y&ecirc;u - ti&ecirc;n ẩn hiện kh&oacute; lường, v&ocirc; số cạm bẫy giăng đầy ph&iacute;a trước&hellip;<br />\r\n<br />\r\nCuối c&ugrave;ng Kỷ Ninh, nh&acirc;n vật ch&iacute;nh của ch&uacute;ng ta sẽ đi tr&ecirc;n con đường ch&ocirc;ng gai đ&oacute; như thế n&agrave;o đ&acirc;y? H&atilde;y c&ugrave;ng tận hưởng những cảm x&uacute;c hồi hộp, oai h&ugrave;ng l&ocirc;i cuốn v&agrave; x&uacute;c động&hellip;<br />\r\n<br />\r\nMời c&aacute;c độc giả c&ugrave;ng theo d&otilde;i tiểu thuyết tu ti&ecirc;n huyền huyễn của t&aacute;c giả Ng&atilde; Cật T&acirc;y Hồng Thị: M&atilde;ng Hoang Kỷ.</p>\r\n', 0, 1, 'Đang cập nhật', 'VNE-1524821645.jpg', 1, '2018-04-27 09:34:05', 1),
(45, 19, 'QUÂN HÔN KÉO DÀI: CỐ THIẾU, SỦNG THÊ VÔ ĐỘ', 'Là Tư Lệnh đế quốc, bản tính anh luôn cuồng ngạo, khí phách, ngoại hình lại càng kinh diễm, hớp hồn bao nhiêu cô gái, trong thâm tâm lại âm trầm kiên nghị.', '<p><img alt=\"Quân Hôn Kéo Dài: Cố Thiếu, Sủng Thê Vô Độ\" src=\"http://sstruyen.com/images/story/Quan-Hon-Keo-Dai-Co-Thieu,-Sung-The-Vo-Do.jpg\" style=\"height:210px; width:160px\" /></p>\r\n\r\n<h1><a href=\"http://sstruyen.com/doc-truyen/quan-hon-keo-dai-co-thieu-sung-the-vo-do/14321.html\">QU&Acirc;N H&Ocirc;N K&Eacute;O D&Agrave;I: CỐ THIẾU, SỦNG TH&Ecirc; V&Ocirc; ĐỘ</a></h1>\r\n\r\n<ul>\r\n	<li>\r\n	<p>T&aacute;c Giả :</p>\r\n\r\n	<p><a href=\"http://sstruyen.com/doc-truyen/tac-gia/xan-mieu-ai-ngu.html\">X&aacute;n Miểu &Aacute;i Ngư</a></p>\r\n	</li>\r\n	<li>\r\n	<p>Thể loại :</p>\r\n\r\n	<p><a href=\"http://sstruyen.com/doc-truyen/ngon-tinh.html\">Ng&ocirc;n T&igrave;nh</a></p>\r\n	</li>\r\n	<li>\r\n	<p>Số Chương :</p>\r\n\r\n	<p>622</p>\r\n	</li>\r\n	<li>\r\n	<p>Trạng Th&aacute;i :</p>\r\n\r\n	<p>C&ograve;n Tiếp</p>\r\n	</li>\r\n	<li>\r\n	<p>Lần Đọc :</p>\r\n\r\n	<p>2889159</p>\r\n	</li>\r\n	<li>\r\n	<p>Like ngay :</p>\r\n\r\n	<p>&nbsp;</p>\r\n	</li>\r\n</ul>\r\n\r\n<p><a href=\"http://sstruyen.com/doc-truyen/ngon-tinh/quan-hon-keo-dai-co-thieu-sung-the-vo-do/chuong-1-nhin-du-chua/1243940.html\">Đọc Từ Đầu</a>&nbsp;<a href=\"http://sstruyen.com/doc-truyen/ngon-tinh/quan-hon-keo-dai-co-thieu-sung-the-vo-do/chuong-614-mang-co-ay-den-truoc-mat-toi-tu-lenh-noi-gian/1443049.html\">Đọc Mới Nhất</a>&nbsp;<a href=\"http://sstruyen.com/doc-truyen/quan-hon-keo-dai-co-thieu-sung-the-vo-do/14321.html#chaplist\">Danh S&aacute;ch Chương</a></p>\r\n\r\n<p>&nbsp;</p>\r\n\r\n<p>Nội Dung Truyện :&nbsp;<strong>Qu&acirc;n H&ocirc;n K&eacute;o D&agrave;i: Cố Thiếu, Sủng Th&ecirc; V&ocirc; Độ</strong></p>\r\n\r\n<p>T&ecirc;n kh&aacute;c:&nbsp;Thịnh thế sủng h&ocirc;n: Cố thiếu, qu&aacute; c&agrave;n rỡ!</p>\r\n\r\n<p>&nbsp;</p>\r\n\r\n<p>Thể loại: Qu&acirc;n nh&acirc;n, hiện đại, sủng, ngọt</p>\r\n\r\n<p>&nbsp;</p>\r\n\r\n<p>** Giới thiệu1 **</p>\r\n\r\n<p>&nbsp;</p>\r\n\r\n<p>L&agrave; Tư Lệnh đế quốc, bản t&iacute;nh anh lu&ocirc;n cuồng ngạo, kh&iacute; ph&aacute;ch, ngoại h&igrave;nh lại c&agrave;ng kinh diễm, hớp hồn bao nhi&ecirc;u c&ocirc; g&aacute;i, trong th&acirc;m t&acirc;m lại &acirc;m trầm ki&ecirc;n nghị.</p>\r\n\r\n<p>&nbsp;</p>\r\n\r\n<p>Lần đầu ti&ecirc;n của c&ocirc; kh&ocirc;ng biết đ&atilde; bị ai lấy mất, n&ecirc;n c&ocirc; đ&agrave;nh tạo ra một m&agrave;n giả mạo.</p>\r\n\r\n<p>&nbsp;</p>\r\n\r\n<p>Đ&ecirc;m t&ocirc;n h&ocirc;n, nh&igrave;n thấy m&aacute;u đỏ chảy ra, anh kinh ngạc: &ldquo;Sao lại c&oacute; m&aacute;u, kh&ocirc;ng lẽ l&agrave; anh qu&aacute; sức?&rdquo;</p>\r\n\r\n<p>&nbsp;</p>\r\n\r\n<p>Hoắc Vi Vũ chột dạ: &ldquo;Lần đầu ti&ecirc;n đều như vậy!&rdquo;</p>\r\n\r\n<p>&nbsp;</p>\r\n\r\n<p>Cố thiếu đen mặt, &ldquo;Vậy lần trước kh&ocirc;ng lẽ l&agrave; &quot;mụ mụ&quot; của em đến l&uacute;c sao?&rdquo;</p>\r\n\r\n<p>&nbsp;</p>\r\n\r\n<p>Hoắc Vi Vũ: &ldquo;&hellip;&hellip;&rdquo;</p>\r\n\r\n<p>&nbsp;</p>\r\n\r\n<p>__</p>\r\n\r\n<p>&nbsp;</p>\r\n\r\n<p>Anh quyền khuynh thi&ecirc;n hạ, tung ho&agrave;nh mấy giới, l&atilde;nh khốc v&ocirc; t&igrave;nh, duy nhất với c&ocirc;, chỉ cần c&ocirc; muốn, kh&ocirc;ng c&oacute; g&igrave; anh kh&ocirc;ng cho c&ocirc; được.&nbsp;</p>\r\n\r\n<p>&nbsp;</p>\r\n\r\n<p>Bị hỏi nguy&ecirc;n nh&acirc;n anh sủng th&ecirc; v&ocirc; độ, anh cười, &ldquo;V&igrave; t&ocirc;i chảy m&aacute;u hai, chỉ c&oacute; c&ocirc; ấy!&rdquo;</p>\r\n\r\n<p>&nbsp;</p>\r\n\r\n<p>** Giới thiệu 2 **</p>\r\n\r\n<p>&nbsp;</p>\r\n\r\n<p>Anh l&agrave; Tư Lệnh đế quốc, cuồng ngạo, kh&iacute; ph&aacute;ch, lớn l&ecirc;n c&oacute; bao nhi&ecirc;u đi&ecirc;n đảo ch&uacute;ng sinh, mị hoặc kinh diễm, t&acirc;m lại c&oacute; bao nhi&ecirc;u lạnh nhạt cứng rắn.</p>\r\n\r\n<p>&nbsp;</p>\r\n\r\n<p>Duy chỉ với c&ocirc;: c&ocirc; g&acirc;y hoạ, anh xử l&yacute;. C&ocirc; l&ecirc;n trời, anh cung cấp hỏa tiễn, c&ocirc; xuống đất, anh đ&agrave;o đường hầm chui xuống, c&ocirc; xuống biển, anh chuẩn bị xong t&agrave;u ngầm. Nếu c&ocirc; đi địa ngục, anh khẳng định đi theo.</p>\r\n\r\n<p>&nbsp;</p>\r\n\r\n<p>Anh n&oacute;i: &quot;C&oacute; em, mới l&agrave; nh&agrave;.&quot;</p>\r\n\r\n<p>&nbsp;</p>\r\n\r\n<p>Bời v&igrave; c&acirc;u n&oacute;i n&agrave;y c&ocirc; bị cảm động, nhưng v&agrave;i năm sau, c&ocirc; biết một chuyện, khi bảo bảo tiếp theo ra đời, c&ocirc; mới &yacute; thức l&agrave; trong ng&ocirc;i nh&agrave; nu&ocirc;i một con heo.</p>\r\n\r\n<p>&nbsp;</p>\r\n\r\n<p>C&ocirc; nổi giận: &quot; Cố thiếu, anh coi em l&agrave; heo &agrave;, anh trực tiếp cưới heo tốt hơn.&quot;</p>\r\n\r\n<p>&nbsp;</p>\r\n\r\n<p>Anh cười t&agrave; mị một tiếng: &quot;Ch&uacute;ng ta mới c&oacute; ba bảo bảo, em n&oacute;i m&igrave;nh l&agrave; heo, cũng qu&aacute; đề cao ch&iacute;nh m&igrave;nh rồi.&quot;</p>\r\n\r\n<p>&nbsp;</p>\r\n\r\n<p>Vi Vũ: &quot;...&quot;</p>\r\n', 0, 19, 'Đang cập nhật', 'VNE-1524821636.jpg', 1, '2018-04-27 11:26:17', 1),
(46, 19, 'ÔNG TRÙM GIẢI TRÍ BÍ MẬT CƯNG CHIỀU: CÔ VỢ NGỐC NGỌT NGÀO', 'Phong Kiêu có một cô vợ trẻ như hoa như ngọc, thế nhưng luôn trốn mình đi đóng phim, đã vậy còn luôn cố tỏ ra vẻ già dặn khiến anh phải đau đầu', '<p><img alt=\"Ông Trùm Giải Trí Bí Mật Cưng Chiều: Cô Vợ Ngốc Ngọt Ngào\" src=\"http://sstruyen.com/images/story/Ong-Trum-Giai-Tri-Bi-Mat-Cung-Chieu-Co-Vo-Ngoc-Ngot-Ngao.jpg\" style=\"height:210px; width:160px\" /></p>\r\n\r\n<h1><a href=\"http://sstruyen.com/doc-truyen/ong-trum-giai-tri-bi-mat-cung-chieu-co-vo-ngoc-ngot-ngao/14278.html\">&Ocirc;NG TR&Ugrave;M GIẢI TR&Iacute; B&Iacute; MẬT CƯNG CHIỀU: C&Ocirc; VỢ NGỐC NGỌT NG&Agrave;O</a></h1>\r\n\r\n<ul>\r\n	<li>\r\n	<p>T&aacute;c Giả :</p>\r\n\r\n	<p><a href=\"http://sstruyen.com/doc-truyen/tac-gia/cong-tu-dien.html\">C&ocirc;ng Tử Diễn</a></p>\r\n	</li>\r\n	<li>\r\n	<p>Thể loại :</p>\r\n\r\n	<p><a href=\"http://sstruyen.com/doc-truyen/ngon-tinh.html\">Ng&ocirc;n T&igrave;nh</a></p>\r\n	</li>\r\n	<li>\r\n	<p>Nguồn :</p>\r\n\r\n	<p>thichdoctruyen</p>\r\n	</li>\r\n	<li>\r\n	<p>Số Chương :</p>\r\n\r\n	<p>680</p>\r\n	</li>\r\n	<li>\r\n	<p>Trạng Th&aacute;i :</p>\r\n\r\n	<p>C&ograve;n Tiếp</p>\r\n	</li>\r\n	<li>\r\n	<p>Lần Đọc :</p>\r\n\r\n	<p>3682413</p>\r\n	</li>\r\n	<li>\r\n	<p>Like ngay :</p>\r\n\r\n	<p>&nbsp;</p>\r\n	</li>\r\n</ul>\r\n\r\n<p><a href=\"http://sstruyen.com/doc-truyen/ngon-tinh/ong-trum-giai-tri-bi-mat-cung-chieu-co-vo-ngoc-ngot-ngao/chuong-1-bi-thit-chat-qua-nen-khong-tho-noi-a/1235751.html\">Đọc Từ Đầu</a>&nbsp;<a href=\"http://sstruyen.com/doc-truyen/ngon-tinh/ong-trum-giai-tri-bi-mat-cung-chieu-co-vo-ngoc-ngot-ngao/chuong-679-kich-ban-thien-truong-dia-cuu/1443042.html\">Đọc Mới Nhất</a>&nbsp;<a href=\"http://sstruyen.com/doc-truyen/ong-trum-giai-tri-bi-mat-cung-chieu-co-vo-ngoc-ngot-ngao/14278.html#chaplist\">Danh S&aacute;ch Chương</a></p>\r\n\r\n<p>&nbsp;</p>\r\n\r\n<p>Nội Dung Truyện :&nbsp;<strong>&Ocirc;ng Tr&ugrave;m Giải Tr&iacute; B&iacute; Mật Cưng Chiều: C&ocirc; Vợ Ngốc Ngọt Ng&agrave;o</strong></p>\r\n\r\n<p>Phong Ki&ecirc;u c&oacute; một c&ocirc; vợ trẻ như hoa như ngọc, thế nhưng lu&ocirc;n trốn m&igrave;nh đi đ&oacute;ng phim, đ&atilde; vậy c&ograve;n lu&ocirc;n cố tỏ ra vẻ gi&agrave; dặn khiến anh phải đau đầu.</p>\r\n\r\n<p>&nbsp;</p>\r\n\r\n<p>***</p>\r\n\r\n<p>&nbsp;</p>\r\n\r\n<p>Hắn nở nụ cười đầy ma mị:&rdquo;Em đừng h&ograve;ng tiếp x&uacute;c người đ&agrave;n &ocirc;ng n&agrave;o kh&aacute;c ngo&agrave;i t&ocirc;i!&rdquo;</p>\r\n\r\n<p>&nbsp;</p>\r\n\r\n<p>&ldquo;Em đang diễn vai quả phụ!&rdquo;</p>\r\n\r\n<p>&nbsp;</p>\r\n\r\n<p>&ldquo;Nhưng cũng c&oacute; một đứa&nbsp;con trai&rdquo;.</p>\r\n\r\n<p>&nbsp;</p>\r\n\r\n<p>&rdquo;&hellip;&hellip;&rdquo;</p>\r\n\r\n<p>&nbsp;</p>\r\n\r\n<p>***</p>\r\n\r\n<p>&nbsp;</p>\r\n\r\n<p>N&oacute;i t&oacute;m lại, đ&acirc;y cũng chỉ l&agrave; một t&ecirc;n vẻ ngo&agrave;i y&ecirc;u nghiệt nhưng b&ecirc;n trong th&igrave; đen tối s&agrave;i lang hổ b&aacute;o, giả l&agrave;m heo để ăn thịt hổ, mạnh mẽ kết hợp, cặn b&atilde; nam cặn b&atilde; nữ g&acirc;y dựng n&ecirc;n đại lộ Hollywood đầy h&agrave;o quang.</p>\r\n', 3, 15, 'Đang cập nhật', 'VNE-1524821623.jpg', 1, '2018-04-27 11:55:27', 1),
(47, 19, 'ẢNH ĐẾ THẦN BÍ TRỘM CƯỚI: VỢ YÊU, TỚI PK', 'Trước khi cưới, người khiến cô sợ nhất chính là Thẩm Lương Xuyên.\r\nSau khi cưới, cô lại càng phát hiện ra những mặt đáng sợ khác của Thẩm Lương Xuyên.', '<p><img alt=\"Ảnh Đế Thần Bí Trộm Cưới: Vợ Yêu, Tới PK\" src=\"http://sstruyen.com/images/story/Anh-De-Than-Bi-Trom-Cuoi-Vo-Yeu,-Toi-PK.jpg\" style=\"height:210px; width:160px\" /></p>\r\n\r\n<h1><a href=\"http://sstruyen.com/doc-truyen/anh-de-than-bi-trom-cuoi-vo-yeu-toi-pk/13921.html\">ẢNH ĐẾ THẦN B&Iacute; TRỘM CƯỚI: VỢ Y&Ecirc;U, TỚI PK</a></h1>\r\n\r\n<ul>\r\n	<li>\r\n	<p>T&aacute;c Giả :</p>\r\n\r\n	<p><a href=\"http://sstruyen.com/doc-truyen/tac-gia/cong-tu-dien.html\">C&ocirc;ng Tử Diễn</a></p>\r\n	</li>\r\n	<li>\r\n	<p>Thể loại :</p>\r\n\r\n	<p><a href=\"http://sstruyen.com/doc-truyen/ngon-tinh.html\">Ng&ocirc;n T&igrave;nh</a></p>\r\n	</li>\r\n	<li>\r\n	<p>Nguồn :</p>\r\n\r\n	<p>Th&iacute;ch Đọc Truyện</p>\r\n	</li>\r\n	<li>\r\n	<p>Số Chương :</p>\r\n\r\n	<p>931</p>\r\n	</li>\r\n	<li>\r\n	<p>Trạng Th&aacute;i :</p>\r\n\r\n	<p>C&ograve;n Tiếp</p>\r\n	</li>\r\n	<li>\r\n	<p>Lần Đọc :</p>\r\n\r\n	<p>4094191</p>\r\n	</li>\r\n	<li>\r\n	<p>Like ngay :</p>\r\n\r\n	<p>&nbsp;</p>\r\n	</li>\r\n</ul>\r\n\r\n<p><a href=\"http://sstruyen.com/doc-truyen/ngon-tinh/anh-de-than-bi-trom-cuoi-vo-yeu-toi-pk/chuong-1-dem-tan-hon-cua-co-va-anh/1160971.html\">Đọc Từ Đầu</a>&nbsp;<a href=\"http://sstruyen.com/doc-truyen/ngon-tinh/anh-de-than-bi-trom-cuoi-vo-yeu-toi-pk/chuong-925-guong-mat-that-cua-mai-phuong--14/1443033.html\">Đọc Mới Nhất</a>&nbsp;<a href=\"http://sstruyen.com/doc-truyen/anh-de-than-bi-trom-cuoi-vo-yeu-toi-pk/13921.html#chaplist\">Danh S&aacute;ch Chương</a></p>\r\n\r\n<p>&nbsp;</p>\r\n\r\n<p>Nội Dung Truyện :&nbsp;<strong>Ảnh Đế Thần B&iacute; Trộm Cưới: Vợ Y&ecirc;u, Tới PK</strong></p>\r\n\r\n<p>Trước khi cưới, người khiến c&ocirc; sợ nhất ch&iacute;nh l&agrave; Thẩm Lương Xuy&ecirc;n.</p>\r\n\r\n<p>&nbsp;</p>\r\n\r\n<p>Sau khi cưới, c&ocirc; lại c&agrave;ng ph&aacute;t hiện ra những mặt đ&aacute;ng sợ kh&aacute;c của Thẩm Lương Xuy&ecirc;n.</p>\r\n\r\n<p>&nbsp;</p>\r\n\r\n<p>Đ&ecirc;m h&ocirc;m đ&oacute;, c&ocirc; vốn nghĩ rằng giữa hai người họ l&agrave; h&ocirc;n nh&acirc;n đạt th&agrave;nh hiệp nghị lại kh&ocirc;ng ngờ Thẩm Lương Xuy&ecirc;n kh&ocirc;ng mặc quần &aacute;o.</p>\r\n\r\n<p>&nbsp;</p>\r\n\r\n<p>&quot;Anh, anh muốn l&agrave;m g&igrave;?&quot; &quot;L&agrave;m chuyện n&ecirc;n l&agrave;m.&quot; &quot;...&quot;&nbsp;</p>\r\n\r\n<p>&nbsp;</p>\r\n\r\n<p>Tr&ecirc;n web đều n&oacute;i, ảnh đế Thẩm Lương Xuy&ecirc;n l&agrave; nam thần cấm dục, Kiều Luyến b&agrave;y tỏ, vậy người mỗi đ&ecirc;m nằm ở b&ecirc;n người c&ocirc; l&agrave; ai?? Cuối c&ugrave;ng chịu đến khi hết hiệp nghị, Kiều Luyến bộc ph&aacute;t: &quot;Em muốn ly h&ocirc;n! Em muốn xoay người!&quot; Thẩm Lương Xuy&ecirc;n &ocirc;m c&ocirc; xoay người: &quot;&Yacute; của em l&agrave; em ở tr&ecirc;n anh ở dưới? Cũng kh&ocirc;ng phải l&agrave; kh&ocirc;ng thể được...&quot; &quot;...&quot;</p>\r\n', 0, 2, 'Đang cập nhật', 'VNE-1524821613.jpg', 1, '2018-04-27 11:54:07', 1),
(48, 19, 'TUYỆT SẮC ĐAN DƯỢC SƯ: QUỶ VƯƠNG YÊU PHI', 'Mộ Như Nguyệt, thân mang tuyệt học về y học Trung Hoa, vì kẻ thù hãm hại mà xuyên đến đại lục Thần Vũ, biến thành vị tiểu thư vô dụng nhà họ Mộ bị người thượng cẳng chân hạ cẳng tay. Một đạo chỉ hôn được ban ra từ Kim Loan điện, nàng bình thản tiếp chỉ, t', '<p><img alt=\"Tuyệt Sắc Đan Dược Sư: Quỷ Vương Yêu Phi\" src=\"http://sstruyen.com/images/story/Tuyet-Sac-Dan-Duoc-Su-Quy-Vuong-Yeu-Phi.jpg\" style=\"height:210px; width:160px\" /></p>\r\n\r\n<h1><a href=\"http://sstruyen.com/doc-truyen/tuyet-sac-dan-duoc-su-quy-vuong-yeu-phi/11496.html\">TUYỆT SẮC ĐAN DƯỢC SƯ: QUỶ VƯƠNG Y&Ecirc;U PHI</a></h1>\r\n\r\n<ul>\r\n	<li>\r\n	<p>T&aacute;c Giả :</p>\r\n\r\n	<p><a href=\"http://sstruyen.com/doc-truyen/tac-gia/tieu-that-gia.html\">Ti&ecirc;u Thất Gia</a></p>\r\n	</li>\r\n	<li>\r\n	<p>Thể loại :</p>\r\n\r\n	<p><a href=\"http://sstruyen.com/doc-truyen/ngon-tinh.html\">Ng&ocirc;n T&igrave;nh</a>,&nbsp;<a href=\"http://sstruyen.com/doc-truyen/xuyen-khong.html\">Xuy&ecirc;n Kh&ocirc;ng</a>,&nbsp;<a href=\"http://sstruyen.com/doc-truyen/di-gioi.html\">Dị Giới</a>,&nbsp;<a href=\"http://sstruyen.com/doc-truyen/huyen-huyen.html\">Huyền Huyễn</a></p>\r\n	</li>\r\n	<li>\r\n	<p>Nguồn :</p>\r\n\r\n	<p>Bạch Ngọc S&aacute;ch</p>\r\n	</li>\r\n	<li>\r\n	<p>Số Chương :</p>\r\n\r\n	<p>1415</p>\r\n	</li>\r\n	<li>\r\n	<p>Trạng Th&aacute;i :</p>\r\n\r\n	<p>C&ograve;n Tiếp</p>\r\n	</li>\r\n	<li>\r\n	<p>Lần Đọc :</p>\r\n\r\n	<p>7491099</p>\r\n	</li>\r\n	<li>\r\n	<p>Like ngay :</p>\r\n\r\n	<p>&nbsp;</p>\r\n	</li>\r\n</ul>\r\n\r\n<p><a href=\"http://sstruyen.com/doc-truyen/ngon-tinh/tuyet-sac-dan-duoc-su-quy-vuong-yeu-phi/chuong-1-phe-vat/969254.html\">Đọc Từ Đầu</a>&nbsp;<a href=\"http://sstruyen.com/doc-truyen/ngon-tinh/tuyet-sac-dan-duoc-su-quy-vuong-yeu-phi/chuong-1414-tuc-mac-nhat-chet-3/1442909.html\">Đọc Mới Nhất</a>&nbsp;<a href=\"http://sstruyen.com/doc-truyen/tuyet-sac-dan-duoc-su-quy-vuong-yeu-phi/11496.html#chaplist\">Danh S&aacute;ch Chương</a></p>\r\n\r\n<p>&nbsp;</p>\r\n\r\n<p>Nội Dung Truyện :&nbsp;<strong>Tuyệt Sắc Đan Dược Sư: Quỷ Vương Y&ecirc;u Phi</strong></p>\r\n\r\n<p>Thể loại: Ng&ocirc;n t&igrave;nh cổ đại, Xuy&ecirc;n Kh&ocirc;ng, HE</p>\r\n\r\n<p>&nbsp;</p>\r\n\r\n<p>Mộ Như Nguyệt, th&acirc;n mang tuyệt học về y học Trung Hoa, v&igrave; kẻ th&ugrave; h&atilde;m hại m&agrave; xuy&ecirc;n đến đại lục Thần Vũ, biến th&agrave;nh vị tiểu thư v&ocirc; dụng nh&agrave; họ Mộ bị người thượng cẳng ch&acirc;n hạ cẳng tay. Một đạo chỉ h&ocirc;n được ban ra từ Kim Loan điện, n&agrave;ng b&igrave;nh thản tiếp chỉ, từ nay gả cho Quỷ vương gia nổi tiếng của Tử Nguyệt quốc. Người đời đều cho Quỷ Vương n&agrave;y l&agrave; người ngu dốt lại xấu như quỷ, n&agrave;o ai ngờ hắn l&agrave; người th&acirc;m t&agrave;ng bất lộ? Mọi người đều cười nhạo rằng phế s&agrave;i* kết đ&ocirc;i với kẻ đần ch&iacute;nh l&agrave; tuyệt phối, lại chẳng biết n&agrave;ng ch&iacute;nh người t&agrave;i c&oacute; một kh&ocirc;ng hai xưa nay chưa từng c&oacute;.</p>\r\n\r\n<p>&nbsp;</p>\r\n\r\n<p>Mộ Như Nguyệt nh&igrave;n nam nh&acirc;n tuấn mỹ giống như thần đứng che trước mặt, nghiến răng nghiến lợi n&oacute;i: &quot;Dạ V&ocirc; Trần, ngươi lại d&aacute;m gạt ta, d&aacute;ng vẻ b&acirc;y giờ của ngươi giống kẻ ngu sao?&quot;</p>\r\n\r\n<p>&nbsp;</p>\r\n\r\n<p>Quỷ Vương cười cười, cưng chiều &ocirc;m n&agrave;ng v&agrave;o l&ograve;ng: &quot;Khi ở b&ecirc;n cạnh n&agrave;ng, ta cam nguyện l&agrave;m một kẻ đần mặc n&agrave;ng sai khiến.&quot;</p>\r\n\r\n<p>&nbsp;</p>\r\n\r\n<p>*Phế s&agrave;i: n&ocirc;m na l&agrave; củi mục (nữ ch&iacute;nh kh&ocirc;ng thể tu luyện được n&ecirc;n bị mắng l&agrave; kẻ v&ocirc; dụng, đồ bỏ,...)</p>\r\n', 0, 4, 'Đang cập nhật', 'VNE-1524821602.jpg', 1, '2018-04-27 11:54:05', 1),
(55, 21, 'NGẠO THẾ CỬU TRỌNG THIÊN', 'Hảo nam nhi phải đỉnh thiên lập địa, ngạo nghễ cổ kim, khí thế như trời biển! Khi ta giận thì càn khôn run sợ, khi ta cười khắp chốn mừng vui! Ta cuồng, phong vân biến sắc! Ta ngạo, vĩnh thế chí tôn!', '<p><img alt=\"Ngạo Thế Cửu Trọng Thiên\" src=\"http://sstruyen.com/images/story/Ngao-The-Cuu-Trong-Thien.jpg\" style=\"height:210px; width:160px\" /></p>\r\n\r\n<h1><a href=\"http://sstruyen.com/doc-truyen/ngao-the-cuu-trong-thien/884.html\">NGẠO THẾ CỬU TRỌNG THI&Ecirc;N</a></h1>\r\n\r\n<ul>\r\n	<li>\r\n	<p>T&aacute;c Giả :</p>\r\n\r\n	<p><a href=\"http://sstruyen.com/doc-truyen/tac-gia/phong-lang-thien-ha.html\">Phong Lăng Thi&ecirc;n Hạ</a></p>\r\n	</li>\r\n	<li>\r\n	<p>Thể loại :</p>\r\n\r\n	<p><a href=\"http://sstruyen.com/doc-truyen/tien-hiep.html\">Ti&ecirc;n Hiệp</a>,&nbsp;<a href=\"http://sstruyen.com/doc-truyen/kiem-hiep.html\">Kiếm Hiệp</a>,&nbsp;<a href=\"http://sstruyen.com/doc-truyen/huyen-huyen.html\">Huyền Huyễn</a></p>\r\n	</li>\r\n	<li>\r\n	<p>Số Chương :</p>\r\n\r\n	<p>2683</p>\r\n	</li>\r\n	<li>\r\n	<p>Trạng Th&aacute;i :</p>\r\n\r\n	<p>FULL</p>\r\n	</li>\r\n	<li>\r\n	<p>Lần Đọc :</p>\r\n\r\n	<p>19398904</p>\r\n	</li>\r\n	<li>\r\n	<p>Like ngay :</p>\r\n\r\n	<p>&nbsp;</p>\r\n	</li>\r\n</ul>\r\n\r\n<p><a href=\"http://sstruyen.com/doc-truyen/tien-hiep/ngao-the-cuu-trong-thien/chuong-1--neu-co-kiep-sau-ban-quan-thien-ha-vu/337515.html\">Đọc Từ Đầu</a>&nbsp;<a href=\"http://sstruyen.com/doc-truyen/tien-hiep/ngao-the-cuu-trong-thien/doc-truyen/486985.html\">Đọc Mới Nhất</a>&nbsp;<a href=\"http://sstruyen.com/doc-truyen/tien-hiep/ngao-the-cuu-trong-thien/884.html#chaplist\">Danh S&aacute;ch Chương</a></p>\r\n\r\n<p>&nbsp;</p>\r\n\r\n<p>Nội Dung Truyện :&nbsp;<strong>Ngạo Thế Cửu Trọng Thi&ecirc;n</strong></p>\r\n\r\n<p>Nguồn: banlong.us<br />\r\nThể loại: Ti&ecirc;n hiệp<br />\r\n<br />\r\nGiới thiệu:<br />\r\n<br />\r\nMột người một kiếm, ngạo thế Cửu Trọng Thi&ecirc;n!<br />\r\n<br />\r\nHảo nam nhi phải đỉnh thi&ecirc;n lập địa, ngạo nghễ cổ kim, kh&iacute; thế như trời biển! Khi ta giận th&igrave; c&agrave;n kh&ocirc;n run sợ, khi ta cười khắp chốn mừng vui! Ta cuồng, phong v&acirc;n biến sắc! Ta ngạo, vĩnh thế ch&iacute; t&ocirc;n!<br />\r\n<br />\r\nLiếc phong l&ocirc;i chấn, giận thương hải h&agrave;n; một tay ph&aacute; thương khung, một kiếm m&uacute;a thi&ecirc;n hạ!<br />\r\n<br />\r\nHảo nam nhi phải nhảy c&ugrave;ng phong v&acirc;n, đạp tr&ecirc;n thi&ecirc;n hạ m&agrave; l&agrave;m qu&acirc;n chủ, ngạo thế Cửu Trọng Thi&ecirc;n!<br />\r\n<br />\r\nHỏi khắp thi&ecirc;n hạ: Ai theo gi&uacute;p ta khuấy động thi&ecirc;n hạ? Ai c&ugrave;ng ta, ngạo thế Cửu Trọng Thi&ecirc;n?!</p>\r\n', 0, 1, 'Đang cập nhật', 'VNE-1524821538.jpg', 1, '2018-04-27 09:32:18', 1),
(56, 21, 'CHÚA TỂ CHI VƯƠNG', 'Nhân vật chính Triệu Phong, thuở nhỏ là một thiên tài của trấn Thanh Diệp, được chi tộc kỳ vọng rất lớn, là một trong hai người được lựa chọn đưa vào Triệu thị gia tộc để tu luyện. Tuy nhiên, tại nơi này, Triệu Phong đã biết được thế nào gọi là thiên ngoạ', '<p><img alt=\"Chúa Tể Chi Vương\" src=\"http://sstruyen.com/images/story/Chua-Te-Chi-Vuong.jpg\" style=\"height:210px; width:160px\" /></p>\r\n\r\n<h1><a href=\"http://sstruyen.com/doc-truyen/chua-te-chi-vuong/4833.html\">CH&Uacute;A TỂ CHI VƯƠNG</a></h1>\r\n\r\n<ul>\r\n	<li>\r\n	<p>T&aacute;c Giả :</p>\r\n\r\n	<p><a href=\"http://sstruyen.com/doc-truyen/tac-gia/khoai-xan-diem.html\">Kho&aacute;i Xan Điếm</a></p>\r\n	</li>\r\n	<li>\r\n	<p>Thể loại :</p>\r\n\r\n	<p><a href=\"http://sstruyen.com/doc-truyen/kiem-hiep.html\">Kiếm Hiệp</a>,&nbsp;<a href=\"http://sstruyen.com/doc-truyen/huyen-huyen.html\">Huyền Huyễn</a></p>\r\n	</li>\r\n	<li>\r\n	<p>Số Chương :</p>\r\n\r\n	<p>1589</p>\r\n	</li>\r\n	<li>\r\n	<p>Trạng Th&aacute;i :</p>\r\n\r\n	<p>FULL</p>\r\n	</li>\r\n	<li>\r\n	<p>Lần Đọc :</p>\r\n\r\n	<p>15648834</p>\r\n	</li>\r\n	<li>\r\n	<p>Like ngay :</p>\r\n\r\n	<p>&nbsp;</p>\r\n	</li>\r\n</ul>\r\n\r\n<p><a href=\"http://sstruyen.com/doc-truyen/kiem-hiep/chua-te-chi-vuong/chuong-1-thieu-nien-trieu-phong/531810.html\">Đọc Từ Đầu</a>&nbsp;<a href=\"http://sstruyen.com/doc-truyen/kiem-hiep/chua-te-chi-vuong/chuong-1585-doan-vien/958825.html\">Đọc Mới Nhất</a>&nbsp;<a href=\"http://sstruyen.com/doc-truyen/kiem-hiep/chua-te-chi-vuong/4833.html#chaplist\">Danh S&aacute;ch Chương</a></p>\r\n\r\n<p>&nbsp;</p>\r\n\r\n<p>Nội Dung Truyện :&nbsp;<strong>Ch&uacute;a Tể Chi Vương</strong></p>\r\n\r\n<p>Nh&acirc;n vật ch&iacute;nh Triệu Phong, thuở nhỏ l&agrave; một thi&ecirc;n t&agrave;i của trấn Thanh Diệp, được chi tộc kỳ vọng rất lớn, l&agrave; một trong hai người được lựa chọn đưa v&agrave;o Triệu thị gia tộc để tu luyện. Tuy nhi&ecirc;n, tại nơi n&agrave;y, Triệu Phong đ&atilde; biết được thế n&agrave;o gọi l&agrave; thi&ecirc;n ngoại hữu thi&ecirc;n, người giỏi c&ograve;n c&oacute; người giỏi hơn. Bản th&acirc;n vốn được xem l&agrave; thi&ecirc;n t&agrave;i, nhưng khi được chuyển đến ch&iacute;nh tộc ở th&agrave;nh Vũ Dương th&igrave; chỉ l&agrave; kẻ hết sức tầm thường, xếp h&agrave;ng ch&oacute;t ở nơi n&agrave;y.</p>\r\n\r\n<p>&nbsp;</p>\r\n\r\n<p>&nbsp;</p>\r\n\r\n<p>Thậm ch&iacute; ngay cả c&ocirc; g&aacute;i được chọn đến ch&iacute;nh tộc c&ugrave;ng với Triệu Phong cũng dần trở n&ecirc;n xa l&aacute;nh hắn, trước kia th&igrave; h&acirc;m mộ, sau n&agrave;y th&igrave; lạnh nhạt, điều n&agrave;y cũng khiến cho Triệu Phong hiểu r&otilde; hơn về nh&acirc;n t&igrave;nh n&oacute;ng lạnh ở nơi đ&acirc;y.</p>\r\n\r\n<p>&nbsp;</p>\r\n\r\n<p>&nbsp;</p>\r\n\r\n<p>Đối diện với sức &eacute;p m&agrave; đệ tử ch&iacute;nh tộc nhằm v&agrave;o những đệ tử chi tộc kh&ocirc;ng c&oacute; chỗ dựa, Triệu Phong gần như đ&atilde; tuyệt vọng, tự hận bản th&acirc;n m&igrave;nh kh&ocirc;ng c&oacute; thực lực, kh&ocirc;ng c&oacute; khả năng thay đổi được địa vị của bản th&acirc;n trong mắt mọi người.</p>\r\n\r\n<p>&nbsp;</p>\r\n\r\n<p>&nbsp;</p>\r\n\r\n<p>Bỗng nhi&ecirc;n, kỳ ngộ ập đến, Triệu Phong v&ocirc; t&igrave;nh dung nhập với một con mắt thần b&iacute; thời viễn cổ, sau khi dung nhập con mắt n&agrave;y v&agrave;o, thể trạng của Triệu Phong kh&ocirc;ng ngừng xảy ra biến h&oacute;a nghi&ecirc;ng trời lệch đất, ch&iacute;nh bản th&acirc;n hắn c&ograve;n c&oacute; được những năng lực vượt qua cực hạn của nh&acirc;n loại. Thực lực tiến bộ thần tốc, kỳ ngộ kh&ocirc;ng ngừng k&eacute;o đến, sự tự tin của Triệu Phong đ&atilde; trở lại, đồng thời hắn cũng quyết t&acirc;m thay đổi ch&iacute;nh m&igrave;nh, kh&ocirc;ng ngừng vươn l&ecirc;n, t&igrave;m hiểu thật kỹ về thế giới rộng lớn n&agrave;y, nơi m&agrave; đ&acirc;u đ&acirc;u cũng c&oacute; cường giả tầng tầng lớp lớp mọc l&ecirc;n.</p>\r\n\r\n<p>&nbsp;</p>\r\n\r\n<p>&nbsp;</p>\r\n\r\n<p>Tr&ecirc;n con đường vươn tới đỉnh cao của V&otilde; giả, Triệu Phong sẽ gặp phải những kỳ ngộ v&agrave; thử th&aacute;ch g&igrave;, liệu hắn sẽ giống như c&aacute; ch&eacute;p h&oacute;a rồng, một bước l&ecirc;n trời hay l&agrave; sẽ ch&ocirc;n m&igrave;nh trong d&ograve;ng chảy của lịch sử, bị những thi&ecirc;n t&agrave;i tr&ecirc;n Đại lục Thanh Hoa giẫm n&aacute;t.</p>\r\n', 1, 2, 'Đang cập nhật', 'VNE-1524821364.jpg', 1, '2018-04-27 10:39:14', 1),
(57, 21, 'ĐẾ TÔN', 'Võ đạo có thể Thông Thần!\r\nVõ đạo tu luyện đến cảnh giới Thần Luân, liền có thể luyện thành Thần Thông, siêu phàm thoát tục!', '<p><img alt=\"Đế Tôn\" src=\"http://sstruyen.com/images/story/De-Ton.jpg\" style=\"height:210px; width:160px\" /></p>\r\n\r\n<h1><a href=\"http://sstruyen.com/doc-truyen/de-ton/3111.html\">ĐẾ T&Ocirc;N</a></h1>\r\n\r\n<ul>\r\n	<li>\r\n	<p>T&aacute;c Giả :</p>\r\n\r\n	<p><a href=\"http://sstruyen.com/doc-truyen/tac-gia/tieu-dong-phong.html\">Tiếu Đ&ocirc;ng Phong</a></p>\r\n	</li>\r\n	<li>\r\n	<p>Thể loại :</p>\r\n\r\n	<p><a href=\"http://sstruyen.com/doc-truyen/tien-hiep.html\">Ti&ecirc;n Hiệp</a>,&nbsp;<a href=\"http://sstruyen.com/doc-truyen/kiem-hiep.html\">Kiếm Hiệp</a>,&nbsp;<a href=\"http://sstruyen.com/doc-truyen/huyen-huyen.html\">Huyền Huyễn</a></p>\r\n	</li>\r\n	<li>\r\n	<p>Số Chương :</p>\r\n\r\n	<p>2928</p>\r\n	</li>\r\n	<li>\r\n	<p>Trạng Th&aacute;i :</p>\r\n\r\n	<p>FULL</p>\r\n	</li>\r\n	<li>\r\n	<p>Lần Đọc :</p>\r\n\r\n	<p>15249515</p>\r\n	</li>\r\n	<li>\r\n	<p>Like ngay :</p>\r\n\r\n	<p>&nbsp;</p>\r\n	</li>\r\n</ul>\r\n\r\n<p><a href=\"http://sstruyen.com/doc-truyen/tien-hiep/de-ton/chuong-1-nha-co-yeu-ho/356374.html\">Đọc Từ Đầu</a>&nbsp;<a href=\"http://sstruyen.com/doc-truyen/tien-hiep/de-ton/chuong-2922-de-ton-2/1014929.html\">Đọc Mới Nhất</a>&nbsp;<a href=\"http://sstruyen.com/doc-truyen/tien-hiep/de-ton/3111.html#chaplist\">Danh S&aacute;ch Chương</a></p>\r\n\r\n<p>&nbsp;</p>\r\n\r\n<p>Nội Dung Truyện :&nbsp;<strong>Đế T&ocirc;n</strong></p>\r\n\r\n<p>&nbsp;</p>\r\n\r\n<p>V&otilde; đạo c&oacute; thể Th&ocirc;ng Thần!</p>\r\n\r\n<p>&nbsp;</p>\r\n\r\n<p>V&otilde; đạo tu luyện đến cảnh giới Thần Lu&acirc;n, liền c&oacute; thể luyện th&agrave;nh Thần Th&ocirc;ng, si&ecirc;u ph&agrave;m tho&aacute;t tục!</p>\r\n\r\n<p>&nbsp;</p>\r\n\r\n<p>T&aacute;c giả t&aacute;c phẩm:</p>\r\n\r\n<p>&nbsp;</p>\r\n\r\n<p>[ ti&ecirc;n hiệp ] Đế t&ocirc;n</p>\r\n\r\n<p>&nbsp;</p>\r\n\r\n<p>[ ti&ecirc;n hiệp ] Độc bộ thi&ecirc;n hạ</p>\r\n\r\n<p>&nbsp;</p>\r\n\r\n<p>[ ti&ecirc;n hiệp ] Sống lại t&acirc;y du</p>\r\n\r\n<p>&nbsp;</p>\r\n\r\n<p>[ huyền huyễn ] D&atilde; man vương tọa</p>\r\n\r\n<p>&nbsp;</p>\r\n\r\n<p>[ ti&ecirc;n hiệp ]Thủy hử ti&ecirc;n đồ</p>\r\n', 2, 3, 'Đang cập nhật', 'VNE-1524821205.jpg', 1, '2018-04-27 10:38:44', 11),
(61, 31, 'YÊU NGƯỜI KÉM TUỔI', 'Em kém chị 2 tuổi. Chính khoảng cách tuổi tác đó khiến chị ngại ngùng, tự ti, không dám công khai mối quan hệ của cả hai. Mặc dù chị có không ít người theo đuổi. Là Lớp trưởng năng nổ, nổi bật và gương mẫu. Vệ tinh bay xung quanh rất nhiều. Nhưng làm sao ', '<p><strong>Em k&eacute;m chị 2 tuổi. Ch&iacute;nh khoảng c&aacute;ch tuổi t&aacute;c đ&oacute; khiến chị ngại ng&ugrave;ng, tự ti, kh&ocirc;ng d&aacute;m c&ocirc;ng khai mối quan hệ của cả hai. Mặc d&ugrave; chị c&oacute; kh&ocirc;ng &iacute;t người theo đuổi. L&agrave; Lớp trưởng năng nổ, nổi bật v&agrave; gương mẫu. Vệ tinh bay xung quanh rất nhiều. Nhưng l&agrave;m sao đ&acirc;y? Chị đ&atilde; lỡ th&iacute;ch em rồi. Cậu b&eacute; của chị ạ!</strong></p>\r\n\r\n<p><strong>***</strong></p>\r\n\r\n<p>Em c&oacute; suy nghĩ lớn hơn chị tưởng. Những ng&agrave;y đầu mới quen nhau, chị ngại ng&ugrave;ng nhưng cảm thấy rất ấm &aacute;p v&agrave; hạnh ph&uacute;c.</p>\r\n\r\n<p>Chị v&agrave; em c&ugrave;ng đam m&ecirc; nhảy. Cả hai quen nhau trong một CLB Dance Cover. Em c&aacute; t&iacute;nh, bụi bặm, lại người lớn hơn so với tuổi, chị lập tức &quot;đổ&quot; em ngay v&agrave; lu&ocirc;n. Mỗi lần nhảy b&agrave;i c&oacute; cặp, l&agrave; chị cứ nh&eacute;o em m&agrave; n&oacute;i &quot;Chị cặp với em nha!&quot; v&agrave; em gật đầu c&aacute;i rụp. M&atilde;i sau n&agrave;y khi quen nhau rồi, em mới chịu n&oacute;i, v&igrave; thấy chị cứ đ&ograve;i bắt cặp nhiều n&ecirc;n từ l&uacute;c đ&oacute; đ&atilde; bắt đầu để &yacute; đến chị.</p>\r\n\r\n<p><img alt=\"yeu-nguoi-kem-tuoi\" src=\"http://www.truyenngan.com.vn/images/Phuongvtm/2018-03/yeu-nguoi-kem-tuoi.jpg\" style=\"height:540px; width:540px\" /></p>\r\n\r\n<p>S&aacute;ng n&agrave;o em cũng m&ograve; l&ecirc;n tận lớp chị chỉ để đưa đồ ăn s&aacute;ng. Thời gian đầu tụi bạn lớp chị kh&ocirc;ng để &yacute;, nhưng sau đ&oacute; tụi n&oacute; bắt đầu tr&ecirc;u chọc. Một s&aacute;ng nọ, em lại l&ecirc;n lớp chị như mọi h&ocirc;m để đưa b&aacute;nh m&igrave;, tụi con trai lớp chị lại nhao l&ecirc;n khi thấy em. Chị vội v&agrave;ng chạy ra đẩy em ra xa n&oacute;i em rằng từ nay kh&ocirc;ng cần mang đồ ăn s&aacute;ng l&ecirc;n cho chị nữa. Chị kh&ocirc;ng muốn em bị mọi người tr&ecirc;u chọc. Nhưng em chỉ đ&aacute;p lại với chị rằng: &quot;Em kh&ocirc;ng th&iacute;ch bạn g&aacute;i m&igrave;nh nhịn ăn s&aacute;ng đ&acirc;u!&quot;. C&aacute;i em suy nghĩ trong đầu vẫn l&agrave; chị. Cảm gi&aacute;c ấm &aacute;p m&agrave; hạnh ph&uacute;c kh&oacute; tả.</p>\r\n\r\n<p>Chị lớn tuổi hơn, nhưng lại hay giận dỗi như con n&iacute;t vậy đ&oacute;. Một lần cả hai đi xem phim. T&igrave;nh cờ c&ocirc; bạn em đang đi l&agrave;m th&ecirc;m ở rạp. Nh&igrave;n thấy em, c&ocirc; bạn cười t&iacute;t rồi lao v&agrave;o tr&ograve; chuyện qu&ecirc;n mất đi sự hiện diện của chị. Cả em cũng như nhảy v&agrave;o thế giới ri&ecirc;ng đ&oacute;. Chị thấy kh&oacute; chịu kh&ocirc;ng thể tả. Chị v&ugrave;ng vằng bỏ v&egrave;. Em vội v&atilde; chạy theo. Chị kh&oacute;c th&uacute;t th&iacute;t. Em dẫn về nh&agrave;, mua kem cho chị. L&uacute;c đưa chị về đến cổng. Em bẹo m&aacute; chị hỏi đ&atilde; hết giận chưa. Chị ng&uacute;ng nguẩy tỏ &yacute; kh&ocirc;ng nghe lời. Em cười lớn: &quot;Th&ocirc;i đừng giận nữa nh&eacute;! Được kh&ocirc;ng? Được kh&ocirc;ng em?&quot;... Chỉ nghe vậy th&ocirc;i, c&oacute; muốn giận cũng kh&ocirc;ng thể n&agrave;o giận th&ecirc;m được. Chị gục gặc gật đầu.</p>\r\n\r\n<p>Em c&oacute; ngoại h&igrave;nh đẹp trai, s&aacute;ng sủa, chơi b&oacute;ng giỏi, nhảy giỏi, khối bạn nữ chết m&ecirc; e. Nhưng chị lại kh&ocirc;ng đồng &yacute; chuyện c&ocirc;ng khai, n&ecirc;n kh&ocirc;ng ai biết em đ&atilde; c&oacute; bạn g&aacute;i. Một ng&agrave;y nọ tr&ecirc;n Confession của trường c&oacute; up 1 lời tỏ t&igrave;nh của c&ocirc; bạn c&ugrave;ng khối với em. Mọi người trong trường share ch&oacute;ng mặt. Đọc được m&agrave; tim chị run li&ecirc;n hồi. Vội v&atilde; t&igrave;m đủ c&aacute;ch xem người đ&oacute; l&agrave; ai. V&agrave; v&ocirc; vọng. Thời gian sau đ&oacute; chị b&ugrave; đầu v&agrave;o đội tuyển, m&ocirc; h&igrave;nh, kh&ocirc;ng theo lớp nhảy nữa. Nhưng điều chị thấy lo lắng bất an, l&agrave; em cũng kh&ocirc;ng c&ograve;n ồn &agrave;o, vội v&atilde; với chị như trước. Em kh&ocirc;ng c&ograve;n mỗi ng&agrave;y nhắn tin, gọi điện cho chị hỏi xem chị đang ở đ&acirc;u, l&agrave;m g&igrave;. Mỗi tối em chỉ n&oacute;i mệt rồi ch&uacute;c chị đi ngủ sớm, kh&ocirc;ng c&ograve;n lắng nghe những c&acirc;u chuyện hằng ng&agrave;y của chị nữa. Em kh&ocirc;ng c&ograve;n qua lớp chị mỗi ng&agrave;y chỉ để nh&igrave;n thấy chị... Trong khoảng thời gian đ&oacute; th&ocirc;i, chị đ&atilde; nghĩ điều g&igrave; đẩy ch&uacute;ng ta trở nen xa c&aacute;ch như thế?</p>\r\n\r\n<p>Cả tuần chẳng gặp mặt nhau lấy một lần, tối n&agrave;o cũng chỉ nhắn v&agrave;i tin hỏi thăm rồi đi ngủ lu&ocirc;n... Chị kh&ocirc;ng biết liệu chị đ&atilde; l&agrave;m sai chuyện g&igrave;, nhưng chị cảm nhận được c&oacute; g&igrave; đ&oacute; đang thay đổi. Một buổi tối, trước khi đi ngủ, chị nhắn tin cho em: &quot;Chị nhớ em!&quot;. Em chỉ trả lời ngắn gọn: &quot;Thức khuya qu&aacute;! Đi ngỉ đi!&quot;. Tim chị hụt hẫng... Sao vậy em? Trong thời gian c&aacute;i g&igrave; đ&atilde; đẩy ch&uacute;ng ta xa nhau vậy?</p>\r\n\r\n<p>C&ocirc; bạn chị n&oacute;i rằng ở lớp tập nhảy c&oacute; một th&agrave;nh vi&ecirc;n mới, v&agrave; đ&oacute; ch&iacute;nh l&agrave; người đ&atilde; viết confession cho em. Khi c&ocirc; bạn ấy n&oacute;i ra chuyện n&agrave;y, em v&agrave; cả nh&oacute;m đ&atilde; rất ngạc nhi&ecirc;n v&agrave; th&iacute;ch th&uacute;. Những buổi tập nhảy training th&agrave;nh vi&ecirc;n mới, cả nh&oacute;m đẩy cặp cho hai đứa với nhau. Thời gian v&agrave; khoảng c&aacute;ch trở n&ecirc;n gần nhau hơn. Chị chỉ biết như vậy th&ocirc;i, m&agrave; tim chị đ&atilde; thắt lại rồi. Trong khi tan trường chị vội v&atilde; phi xe ngay qua nh&agrave; C&ocirc; học đội tuyển, th&igrave; em đang c&ugrave;ng c&ocirc; bạn đ&oacute; ở lớp tập nhảy cười n&oacute;i với nhau. L&uacute;c đ&oacute; chị đ&atilde; nghĩ, c&oacute; lẽ khoảng c&aacute;ch giữa ch&uacute;ng ta đ&atilde; đủ lớn cho người thứ 3 xen v&agrave;o rồi. B&acirc;y giờ chỉ c&ograve;n đợi lời n&oacute;i dừng lại của em nữa m&agrave; th&ocirc;i.</p>\r\n\r\n<p>S&aacute;ng h&ocirc;m đ&oacute;, chị cố t&igrave;nh đi qua lớp em để xuống thư viện. Ngay khi tới cửa lớp, đập ngay v&agrave;o mắt chị l&agrave; cảnh c&ocirc; bạn đ&oacute; đang với tay lau bảng, em đứng s&aacute;t ngay sau lưng với tay l&ecirc;n cao hơn d&ugrave;ng phấn vẽ những n&eacute;t vẽ nguệch ngoạc tr&ecirc;u chọc. C&ocirc; bạn ngay lập tức quay lại v&agrave; đụng ngay v&ugrave;ng ngực mạnh mẽ của em. Chị biết m&agrave;, ngay l&uacute;c đ&oacute; tim c&ocirc; bạn đ&oacute; đ&atilde; rớt một nhịp rồi. Chị bỏ đi thật nhanh, cố k&igrave;m n&eacute;n m&agrave; nước mắt cứ chảy. Chị tắt hết điện thoại, lock Facebook, Zalo. Tập trung hết tất cả để &ocirc;n thi đội tuyển. Qu&ecirc;n đi những tổn thương đang xảy ra. Chị đ&atilde; nghĩ sẵn rằng, c&oacute; lẽ em đ&atilde; muốn dừng lại, nhưng lo sợ kết quả thi của chị, n&ecirc;n muốn đợi chị thi xong mới n&oacute;i, vậy th&igrave; ngay sau khi thi xong, chị sẽ n&oacute;i dừng lại. Nh&eacute; em?!</p>\r\n\r\n<p>Những lần đạp xe vội v&atilde; di chuyển giữa c&aacute;c buổi học, chị lại v&ocirc; t&igrave;nh thấy em chở bạn ấy c&ugrave;ng đến c&ocirc;ng vi&ecirc;n. Những lần đi xuống thư viện đổi s&aacute;ch, ngang qua lớp lại v&ocirc; t&igrave;nh thấy em v&agrave; bạn ấy ch&uacute;i đầu v&agrave;o nhau trao đổi b&agrave;i, hoặc c&ugrave;ng nhau đ&ugrave;a nghịch. Ở trong đ&acirc;u đ&oacute; tr&aacute;i tim chị, một sự tổn thương lớn hơn chị nghĩ.</p>\r\n\r\n<p>Sau khi thi xong, tr&uacute;t đi g&aacute;nh nặng b&agrave;i vở, chị chợt nghĩ rằng, đ&atilde; đến l&uacute;c mọi chuyện cần giải quyết. Chị ngồi trong lớp thẫn thờ nh&igrave;n ra cửa sổ th&igrave; em đ&atilde; tới cửa lớp vẫy chị. Chị mệt mỏi đứng dậy ra ngo&agrave;i. Em th&igrave; th&agrave;o: &quot;Tối nay chị đến Cafe Enuly nh&eacute;! Em c&oacute; chuyện cần n&oacute;i! Nha! Nha!&quot; L&uacute;c đ&oacute; chị đ&atilde; nghĩ rằng, cuối c&ugrave;ng ng&agrave;y h&ocirc;m nay cũng đ&atilde; đến. Chị c&ograve;n chuẩn bị t&acirc;m l&yacute; sẵn, tuyệt đối kh&ocirc;ng được kh&oacute;c, phải mạnh mẽ l&ecirc;n!</p>\r\n\r\n<p>Chị tới t&igrave;m em. Qua 5 ph&uacute;t, qua 10 ph&uacute;t, chị nghĩ rằng en đến muộn. Bất chợt chị nh&acirc;n vi&ecirc;n phục vụ gọi lớn t&ecirc;n chị, chị ngẩng mặt nh&igrave;n l&ecirc;n. Nhạc của qu&aacute;n đột nhi&ecirc;n ngừng ph&aacute;t b&agrave;i Bolero, chuyển đổi ngay lập tức sang b&agrave;i &quot;I need a girl&quot;. Em v&agrave; c&ocirc; bạn ấy c&ugrave;ng c&aacute;c bạn trong đội nhảy chia th&agrave;nh 3 cặp nhảy theo nền nhạc. Chị c&ograve;n chưa hết ngạc nhi&ecirc;n th&igrave; em tiến lại ph&iacute;a chị, kết th&uacute;c b&agrave;i nhảy bằng nụ h&ocirc;n v&agrave;o m&aacute; phải của chị. L&uacute;c đ&oacute; chị chỉ muốn bay ngay về h&agrave;nh tinh của m&igrave;nh th&ocirc;i. &quot;Chuyện g&igrave; đ&acirc;y? Chuyện g&igrave; đ&acirc;y? Chuyện g&igrave; đ&acirc;y? Chuyện g&igrave; đ&acirc;y? OMG!!! Chuyện g&igrave; đ&acirc;y? Chuyện g&igrave; đ&acirc;y?&quot; Trong đ&agrave;u chị cứ lặp đi lặp lại c&acirc;u hỏi đ&oacute;. Chị cứ thấy &quot;m&ocirc;ng lung như một tr&ograve; đ&ugrave;a&quot;, c&ograve;n em th&igrave; đ&atilde; c&ocirc;ng khai với bạn b&egrave; khi đ&oacute; rằng chị ch&iacute;nh l&agrave; bạn g&aacute;i em, v&agrave; đ&atilde; quen nhau được 8 th&aacute;ng rồi.</p>\r\n\r\n<p>Chị tối h&ocirc;m đ&oacute; cứ kh&oacute;c m&atilde;i từ l&uacute;c đ&oacute; cho tới l&uacute;c em chở về nh&agrave;. Về đến cổng nh&agrave;, chị vẫn c&ograve;n th&uacute;t th&iacute;t. Em th&igrave; cứ nhăn răng ra cười. Cuối c&ugrave;ng vẫn chịu h&ocirc;n tạm biệt chị rồi về.</p>\r\n\r\n<p>&quot;Nghe n&egrave;. N&oacute;i 1 lần th&ocirc;i đấy!&quot;</p>\r\n\r\n<p>&quot;Ừ sao?&quot; - Chị th&uacute;t th&iacute;t.</p>\r\n\r\n<p>&quot;Anh y&ecirc;u vợ! Y&ecirc;u nhiều lắm!&quot;</p>\r\n\r\n<p>&quot;N&oacute;i g&igrave; nhỏ qu&aacute; chẳng nghe!&quot; - Chị vừa th&uacute;t th&iacute;t vừa tr&ecirc;u chọc.</p>\r\n\r\n<p>&quot;Kh&ocirc;ng n&oacute;i nữa. Tự hiểu đi!&quot;.</p>\r\n\r\n<p>Chị c&ograve;n đang định giả vờ giận dỗi nữa th&igrave; cảm gi&aacute;c đ&atilde; được em &ocirc;m trọn ...</p>\r\n', 3, 3, 'Đang cập nhật', 'VNE-1524821193.jpg', 1, '2018-04-27 10:37:47', 12);
INSERT INTO `story` (`story_id`, `cat_id`, `name`, `preview_text`, `detail_text`, `so_comment`, `counter`, `Tacgia`, `picture`, `public`, `created_at`, `slide_id`) VALUES
(62, 31, 'CÓ NHỮNG CUỘC CHIA LY...', 'Tôi nhìn thấy nhiều cuộc chia ly, hầu như cuộc chia ly nào cũng đẫm đầy nước mắt và sự luyến thương.', '<p><strong>T&ocirc;i nh&igrave;n thấy nhiều cuộc chia ly, hầu như cuộc chia ly n&agrave;o cũng đẫm đầy nước mắt v&agrave; sự luyến thương.</strong></p>\r\n\r\n<p><strong>T&ocirc;i tự hỏi bản th&acirc;n, liệu đến một l&uacute;c n&agrave;o đ&oacute; phải chia xa, t&ocirc;i c&oacute; kh&oacute;c, c&oacute; n&iacute;u tay, c&oacute; chạy đến giữ ch&acirc;n?</strong></p>\r\n\r\n<p><strong>***</strong></p>\r\n\r\n<p>&quot;Th&ocirc;i, anh đi.&quot;</p>\r\n\r\n<p>Ch&uacute;ng t&ocirc;i đứng đ&oacute;, nắm tay hồi l&acirc;u, đến l&uacute;c anh n&oacute;i c&acirc;u n&oacute;i ấy rồi bu&ocirc;ng tay, t&ocirc;i vẫn cố giữ một n&eacute;t thản nhi&ecirc;n tr&ecirc;n khu&ocirc;n mặt, nở một nụ cười mỉm nhẹ. Anh quay đầu nh&igrave;n t&ocirc;i nhiều lần, khu&ocirc;n mặt tho&aacute;ng ch&uacute;t bỡ ngỡ. tho&aacute;ng ch&uacute;t ngạc nhi&ecirc;n pha lẫn thất vọng. C&oacute; lẽ anh nghĩ t&ocirc;i sẽ chạy đến &ocirc;m anh, kh&oacute;c nấc v&agrave; n&oacute;i những lời hứa hẹn như chia ly người ta thường l&agrave;m. Nhưng, sự mạnh mẽ giả vờ trong t&ocirc;i kh&ocirc;ng cho ph&eacute;p t&ocirc;i l&agrave;m thế.</p>\r\n\r\n<p>Nh&igrave;n b&oacute;ng lưng anh đi về ph&iacute;a ngược nắng, l&ograve;ng như c&oacute; biển động dữ dội đ&aacute;nh n&aacute;t bờ bến.</p>\r\n\r\n<p>Thực sự ra, kh&ocirc;ng c&oacute; chia ly n&agrave;o l&agrave; b&igrave;nh y&ecirc;n, s&oacute;ng động trong l&ograve;ng hay tr&ecirc;n mi mắt, l&agrave; do người.</p>\r\n\r\n<p><img alt=\"co-nhung-cuoc-chia-ly\" src=\"http://www.truyenngan.com.vn/images/Phuongvtm/2018-03/co-nhung-cuoc-chia-ly.jpg\" style=\"height:351px; width:625px\" /></p>\r\n\r\n<p>Ch&uacute;ng t&ocirc;i y&ecirc;u nhau s&aacute;u th&aacute;ng, c&aacute;i khoảng thời gian đẹp nhất của cuộc hẹn h&ograve; l&agrave; l&uacute;c t&igrave;nh y&ecirc;u kh&ocirc;ng phải vừa chớm cũng kh&ocirc;ng phải y&ecirc;n phận m&agrave; c&ugrave;ng nhau x&acirc;y gia đ&igrave;nh. Khoảng thời gian đẹp nhất ch&iacute;nh l&agrave; l&uacute;c lửng lửng lơ lơ, kh&ocirc;ng mới kh&ocirc;ng cũ, kh&ocirc;ng lạ cũng kh&ocirc;ng qu&aacute; quen thuộc, ấy vậy m&agrave; anh đi.</p>\r\n\r\n<p>T&ocirc;i vẫn nhớ r&otilde; chiều chủ nhật h&ocirc;m ấy, như chủ nhật bao ng&agrave;y, chiều tắt nắng tr&ecirc;n chung cư cũ kỹ, t&ocirc;i ngồi b&oacute; gối lắng nghe một bản nhạc từ chiếc radio cũ r&iacute;ch. T&ocirc;i vẫn giữ chiếc radio của bố, chiếc radio theo bố t&ocirc;i đi qua những năm th&aacute;ng gian khổ vẫn hoạt động tốt, đ&ocirc;i khi c&oacute; ch&uacute;t trục trặc về bắt s&oacute;ng, nhưng &acirc;m thanh n&oacute; ph&aacute;t ra l&agrave; thứ &acirc;m thanh diệu k&igrave;. T&ocirc;i gọi đ&oacute; l&agrave; &acirc;m thanh của sự ho&agrave;i niệm.</p>\r\n\r\n<p>Chiếc radio nhắc t&ocirc;i những ng&agrave;y c&ograve;n bố b&ecirc;n cạnh m&igrave;nh, những ng&agrave;y c&ograve;n b&eacute; ngồi b&ecirc;n cạnh ch&acirc;n bố, chờ &ocirc;ng r&agrave; được đ&agrave;i ph&aacute;t nhạc thiếu nhi rồi cả hai bố con reo l&ecirc;n mừng rỡ. Chiếc radio m&agrave; ng&agrave;y ấy bố lặng lẽ bỏ v&agrave;o ba l&ocirc;, h&ocirc;n l&ecirc;n tr&aacute;n từ biệt t&ocirc;i, &ocirc;m lấy mẹ c&aacute;i &ocirc;m nhẹ nh&agrave;ng rồi xu&ocirc;i d&ograve;ng nước đi l&agrave;m ăn xa. T&ocirc;i chạy theo bố dọc con đường d&agrave;i, đến l&uacute;c bố kh&ocirc;ng k&igrave;m được l&ograve;ng, dừng lại mở ba l&ocirc; trao cho t&ocirc;i chiếc radio y&ecirc;u qu&yacute; của &ocirc;ng. V&agrave;, &ocirc;ng đi, lần đi ấy m&atilde;i kh&ocirc;ng về nữa.</p>\r\n\r\n<p>Chiếc radio tr&ecirc;n giường đang h&aacute;t l&ecirc;n b&agrave;i t&igrave;nh ca từ L&agrave;n S&oacute;ng Xanh những năm 2000. Nắng chiếu qua r&egrave;m thưa rọi v&agrave;o pha lẫn với b&igrave;nh hoa c&uacute;c trắng tr&ecirc;n b&agrave;n những gam m&agrave;u s&aacute;ng ấm, t&ocirc;i chơi vơi đưa mắt nh&igrave;n ra cửa sổ, khoảng th&agrave;nh phố b&igrave;nh y&ecirc;n đến k&igrave; lạ chiều chủ nhật đầy rẫy t&acirc;m tư.</p>\r\n\r\n<p>&quot;Em bận g&igrave; kh&ocirc;ng?&quot; Tin nhắn anh hiện l&ecirc;n m&agrave;n h&igrave;nh kh&oacute;a.</p>\r\n\r\n<p>&quot;Nửa tiếng nữa anh qua đ&oacute;n em nh&eacute;?&quot; c&aacute;ch nhau khoảng hai ph&uacute;t.</p>\r\n\r\n<p>&quot;Hay b&acirc;y giờ anh qua?&quot; c&aacute;ch tin nhắn thứ hai khoảng v&agrave;i gi&acirc;y.</p>\r\n\r\n<p>&quot;Nửa tiếng nữa nh&eacute; anh! Em đi thay đồ, nhanh th&ocirc;i.&quot; T&ocirc;i trả lời, lười nh&aacute;c tắt radio v&agrave; chọn lấy một chiếc v&aacute;y m&agrave;u trắng đơn giản, vuốt gọn lại m&aacute;i t&oacute;c, điểm ch&uacute;t son m&ocirc;i rồi rời khỏi ph&ograve;ng.</p>\r\n\r\n<p>Anh lu&ocirc;n c&oacute; th&oacute;i quen đứng chờ t&ocirc;i ở cổng ra v&agrave;o của chung cư, d&ugrave; t&ocirc;i n&oacute;i với anh bao nhi&ecirc;u lần l&agrave; ph&iacute;a tr&ecirc;n c&oacute; b&oacute;ng c&acirc;y m&aacute;t, t&ocirc;i đi bộ một ch&uacute;t cũng kh&ocirc;ng sao. Ấy vậy m&agrave; h&ocirc;m nay, l&ograve;ng t&ocirc;i rộn r&agrave;ng l&ecirc;n những &acirc;m thanh vui khi người đ&agrave;n &ocirc;ng ấy vẫn &aacute;o sơ mi, vẫn quần t&acirc;y, gi&agrave;y n&acirc;u b&oacute;ng lộn, cười thật tươi như th&aacute;ch thức &aacute;nh nắng ngo&agrave;i kia.</p>\r\n\r\n<p>Ng&agrave;y h&ocirc;m ấy, t&ocirc;i nhận được tin từ anh, anh phải đi sang Trung Quốc c&ocirc;ng t&aacute;c một năm. Anh hỏi t&ocirc;i c&oacute; muốn giữ anh lại kh&ocirc;ng, t&ocirc;i cười rồi lắc đầu, c&aacute;i lắc đầu vời vợi đau thương.</p>\r\n\r\n<p>-V&igrave; sao? Anh c&oacute; ch&uacute;t bất m&atilde;n trong giọng n&oacute;i &ndash; V&igrave; sao em kh&ocirc;ng muốn?</p>\r\n\r\n<p>-V&igrave;...anh.</p>\r\n\r\n<p>-V&igrave; anh?</p>\r\n\r\n<p>-Em biết đ&oacute; ch&iacute;nh l&agrave; cơ hội của anh. Anh đi th&ocirc;i, đừng v&igrave; em m&agrave; lỡ con đường d&agrave;i.</p>\r\n\r\n<p>&quot;Đừng v&igrave; em m&agrave; lỡ con đường d&agrave;i&quot; nhiều năm sau, anh vẫn nhắc về n&oacute;, giọng n&oacute;i l&uacute;c n&agrave;o cũng đầy sự chơi vơi.</p>\r\n\r\n<p>Tối, muộn, th&agrave;nh phố vẫn đ&ocirc;ng, anh v&agrave; t&ocirc;i gửi xe ở một c&ocirc;ng vi&ecirc;n, thong dong đi bộ ngược phố. Tay anh nhiều lần muốn nắm lấy t&ocirc;i, tay t&ocirc;i nhiều lần muốn n&iacute;u c&aacute;nh tay anh, thế nhưng &quot;con đường d&agrave;i&quot; đ&atilde; chia cắt ước muốn ấy. Thế l&agrave; ch&uacute;ng t&ocirc;i cứ đi những bước ch&acirc;n kh&ocirc;ng đều, ngắn, d&agrave;i, hờn, dỗi.</p>\r\n\r\n<p>Anh đưa t&ocirc;i về đến cổng chung cư, đ&egrave;n đ&atilde; tắt ng&uacute;m, &ocirc;ng bảo vệ gi&agrave; ngủ gật trong ph&ograve;ng canh. Tiếng cải lương ph&aacute;t l&ecirc;n từ chiếc điện thoại cũ của &ocirc;ng như cắt v&agrave;o l&ograve;ng t&ocirc;i một cảm gi&aacute;c c&ocirc; đơn đến lạnh người. T&ocirc;i c&ograve;n biết r&otilde; đ&oacute; l&agrave; tr&iacute;ch đoạn cải lương &quot;nửa đời hương phấn&quot;, tiếng thảm sầu của c&ocirc; The đang bộc bạch với m&igrave;nh trước khi l&igrave;a xa người y&ecirc;u v&igrave; danh gi&aacute; gia đ&igrave;nh của anh. Ấy vậy m&agrave; đ&uacute;ng l&uacute;c ấy, đoạn ấy cất l&ecirc;n, như giết từng tế b&agrave;o trong người t&ocirc;i.</p>\r\n\r\n<p>&quot;Em kh&ocirc;ng cần đến đưa anh đi.&quot;</p>\r\n\r\n<p>Tin nhắn anh lửng lơ tr&ecirc;n điện thoại.</p>\r\n\r\n<p>Thế nhưng t&ocirc;i đ&atilde; đến, l&uacute;c anh đi. Dặn d&ograve; anh v&agrave;i lời, đưa cho anh v&agrave;i m&oacute;n đồ lặt vặt t&ocirc;i chuẩn bị vội. Chiếc khăn cho&agrave;ng t&ocirc;i chọn mua ở cửa hiệu nằm khuất tr&ecirc;n đường Trần Hưng Đạo, chiếc &aacute;o len lần đi Đ&agrave; Lạt mua nhưng chưa c&oacute; cơ hội tặng anh. Sau đ&oacute; mới biết rằng, tặng khăn, tặng &aacute;o l&agrave; tặng cho người rời xa ta.</p>\r\n\r\n<p>Rồi b&igrave;nh y&ecirc;n tr&ecirc;n khu&ocirc;n mặt t&ocirc;i đ&atilde; l&agrave;m cho anh đặt một dấu hỏi giữa chuyện t&igrave;nh:</p>\r\n\r\n<p>&quot; Em c&oacute; thật sự y&ecirc;u anh kh&ocirc;ng, Lam?&quot;</p>\r\n\r\n<p>T&ocirc;i về nh&agrave; chiều thứ Tư, tối mịt, một m&igrave;nh m&ograve; mẫm trong b&oacute;ng tối.</p>\r\n\r\n<p>Đặt được c&aacute;i th&acirc;n xuống giường, trời đất quay cuồng, đảo đi&ecirc;n đến mệt mỏi.</p>\r\n\r\n<p>&quot;Hay l&agrave; nu&ocirc;i một con m&egrave;o đi Lam. C&oacute; cũng đỡ buồn.&quot; Tin nhắn từ Nh&atilde;. T&ocirc;i xoay người nằm nghi&ecirc;ng, trong đầu hiện l&ecirc;n một con m&egrave;o mướp mập &uacute;, n&oacute; chạy từng bước thật ngắn trong đ&ecirc;m mưa b&atilde;o...</p>\r\n\r\n<p>Bố t&ocirc;i gọi n&oacute; l&agrave; L&uacute;a. V&igrave; &ocirc;ng t&igrave;m thấy n&oacute; nhỏ x&iacute;u, ướt mem cất tiếng meo meo yếu ớt giữa đồng, đ&uacute;ng l&uacute;c m&ugrave;a l&uacute;a trổ b&ocirc;ng nặng trĩu.</p>\r\n\r\n<p>V&agrave; cũng ch&iacute;nh c&aacute;i l&uacute;c người ta đưa thi h&agrave;i bố về nh&agrave;, L&uacute;a bỏ đi, t&ocirc;i đứng trong nh&agrave; nh&igrave;n ra s&acirc;n, n&oacute; ngoảnh đầu lại nh&igrave;n t&ocirc;i, một c&aacute;i cuối c&ugrave;ng rồi chạy mất v&agrave;o đ&ecirc;m đen d&ocirc;ng gi&oacute;.</p>\r\n\r\n<p>Bởi v&igrave; cuộc đời t&ocirc;i l&agrave; những cuộc chia ly kh&ocirc;ng thể n&agrave;o t&aacute;i ngộ,</p>\r\n\r\n<p>Cho n&ecirc;n l&uacute;c anh đi, t&ocirc;i cảm tưởng m&igrave;nh như con L&uacute;a, ướt m&egrave;m lạnh lẽo đi từng bước trong gi&oacute; mưa...</p>\r\n\r\n<p>S&aacute;ng h&ocirc;m sau, Nh&atilde; đến từ rất sớm mang theo một c&aacute;i hộp nhỏ. T&ocirc;i vừa thức dậy, mắt vẫn chưa mở l&ecirc;n hết, ti h&iacute; nh&igrave;n Nh&atilde;. C&ocirc; mở nắp hộp, con m&egrave;o con nhảy ra khỏi, th&oacute;t ngay l&ecirc;n ghế đưa cặp mắt to tr&ograve;n nh&igrave;n xung quanh.</p>\r\n\r\n<p>T&ocirc;i quyết định gọi n&oacute; l&agrave; L&uacute;a, mặc cho Nh&atilde; hết sức bất b&igrave;nh v&igrave; n&oacute; chẳng li&ecirc;n quan g&igrave; đến l&uacute;a cả.</p>\r\n\r\n<p>-Tao chưa thấy con m&egrave;o mướp n&agrave;o được đặt t&ecirc;n l&agrave; L&uacute;a. &Agrave;, chưa thấy ai đặt t&ecirc;n m&egrave;o l&agrave; L&uacute;a. Mi mi, Mi sa, Miu miu...người ta gọi ba c&aacute;i t&ecirc;n dễ thương gần chết, m&agrave;y gọi n&oacute; l&agrave; L&uacute;a.</p>\r\n\r\n<p>Hớp ngụm c&agrave; ph&ecirc; n&oacute;ng bỏng m&ocirc;i, t&ocirc;i chợt mỉm cười.</p>\r\n\r\n<p>V&agrave; rồi chiều chung cư n&agrave;o cũng trở n&ecirc;n bớt nh&agrave;m ch&aacute;n hơn v&igrave; c&oacute; L&uacute;a.</p>\r\n\r\n<p>Anh vẫn điều đặn gọi cho t&ocirc;i hai lần mỗi ng&agrave;y, nhưng thời gian n&oacute;i chuyện với nhau ng&agrave;y &iacute;t đi. Giữa ch&uacute;ng t&ocirc;i tồn tại một ngọn n&uacute;i cao, tr&egrave;o m&atilde;i, tr&egrave;o m&atilde;i chỉ thấy kiệt sức bu&ocirc;ng xu&ocirc;i...</p>\r\n\r\n<p>C&oacute; lần anh hỏi t&ocirc;i về con m&egrave;o lười đang nằm b&ecirc;n cửa sổ, mắt lim dim hưởng thụ ch&uacute;t nắng c&ograve;n lại của chiều, t&ocirc;i n&oacute;i n&oacute; l&agrave; L&uacute;a. Anh cười, kh&ocirc;ng hỏi g&igrave; th&ecirc;m. L&uacute;a cũng cất tiếng k&ecirc;u meo meo, đ&aacute;nh hơi được m&ugrave;i c&aacute; từ giỏ đi chợ.</p>\r\n\r\n<p>Rồi S&agrave;i G&ograve;n chiều nay bắt đầu lất phất những hạt mưa bụi, cơn mưa đầu m&ugrave;a bắt đầu rơi xuống, hối hả, phấn kh&iacute;ch l&agrave;m ướt c&ocirc; g&aacute;i &aacute;o d&agrave;i trắng đạp xe ngược gi&oacute;. T&ocirc;i ngồi lười trong qu&aacute;n c&agrave; ph&ecirc; đưa mắt lơ đễnh, kh&ocirc;ng cố định v&agrave;o bất cứ một vật g&igrave;.</p>\r\n\r\n<p>H&ocirc;m nay anh đ&atilde; n&oacute;i chia tay, kh&ocirc;ng phải l&agrave; tạm thời xa nhau, cũng kh&ocirc;ng phải l&agrave; d&agrave;nh ra thời gian suy nghĩ về ch&uacute;ng ta. M&agrave; l&agrave; hẳn h&ograve;i chia tay, kh&ocirc;ng quyến luyến hay vương vấn g&igrave; cả:</p>\r\n\r\n<p>&quot;Lam &agrave;, ch&uacute;ng ta chia tay th&ocirc;i.&quot;</p>\r\n\r\n<p>Trong đầu t&ocirc;i, l&uacute;c n&agrave;o d&ograve;ng tin nhắn ấy cũng hiện l&ecirc;n một c&aacute;ch đột ngột như c&aacute;ch n&oacute; xuất hiện. Kh&ocirc;ng phải gọi hay gặp mặt, chỉ l&agrave; một tin nhắn, ngay cả cơ hội nh&igrave;n thấy anh lần cuối, nghe giọng anh một lần cũng xa vời vợi. Chỉ một d&ograve;ng tin nhắn n&eacute; tr&aacute;nh, chỉ thế th&ocirc;i. T&ocirc;i n&eacute;m điện thoại đ&atilde; tắt nguồn v&agrave;o g&oacute;c nh&agrave;, x&aacute;ch t&uacute;i vải m&agrave;u n&acirc;u th&ocirc;, n&eacute;m v&agrave;i quyển s&aacute;ch, v&iacute; tiền v&agrave; con L&uacute;a v&agrave;o trong giỏ, thong dong ra phố.</p>\r\n\r\n<p>Con L&uacute;a lần đầu được dạo c&ocirc;ng vi&ecirc;n với chủ, n&oacute; vui lắm! N&oacute; k&ecirc;u meo meo suốt, đầu nhướn ra ngo&agrave;i khỏi giỏ để nh&igrave;n thấy khoảng trời kh&ocirc;ng gian xung quanh, c&aacute;nh mũi n&oacute; phập phồng thật mạnh như h&iacute;t hết kh&iacute; trời v&agrave;o phổi. T&ocirc;i đưa tay v&agrave;o giỏ, cố rờ v&agrave;o bộ l&ocirc;ng mướp mềm mượt, cố t&igrave;m lấy một ch&uacute;t hơi ấm n&agrave;o đ&oacute; chảy v&agrave;o l&ograve;ng b&agrave;n tay. Rồi dưới mưa, c&aacute;nh d&ugrave; trong suốt bật l&ecirc;n, t&ocirc;i c&oacute; thể nh&igrave;n thấy những giọt mưa đập mạnh v&agrave;o c&aacute;nh d&ugrave; rồi chảy d&agrave;i ra, rơi xuống đất.</p>\r\n\r\n<p>Cũng c&oacute; một giọt ấm n&oacute;ng rơi từ mi mắt, chảy d&agrave;i xuống cằm rồi h&oacute;a th&acirc;n th&agrave;nh giọt mưa rơi xuống.</p>\r\n\r\n<p>Kh&aacute;c với anh em c&ugrave;ng chất loại với m&igrave;nh, hạt mưa rơi xuống l&agrave;m mầm non l&ecirc;n xanh, giọt nước mắt rơi xuống chẳng-để-l&agrave;m-g&igrave;.</p>\r\n\r\n<p>T&ocirc;i từng n&oacute;i với mẹ, nước mắt l&agrave; thứ ph&iacute; phạm nhất của con người.</p>\r\n\r\n<p>T&ocirc;i từng n&oacute;i với Nh&atilde;, con người trong thật ngốc khi kh&oacute;c l&oacute;c.</p>\r\n\r\n<p>V&agrave; b&acirc;y giờ, t&ocirc;i vừa ph&iacute; phạm, vừa ngốc nghếch, vừa lẩn thẩn dưới mưa với con m&egrave;o v&ocirc; t&acirc;m, trong thảm bại đến lạ l&ugrave;ng.</p>\r\n\r\n<p>&quot;Dậy đi con, dậy đi Lam.&quot;</p>\r\n\r\n<p>Mi&ecirc;n man trong cơn sốt n&oacute;ng ran người, t&ocirc;i mường tượng thấy được bố. &Ocirc;ng đang vắt khăn đặt l&ecirc;n tr&aacute;n t&ocirc;i, sau đ&oacute; chạm b&agrave;n tay th&ocirc; r&aacute;p v&agrave;o da t&ocirc;i. Tr&ecirc;n khu&ocirc;n mặt &ocirc;ng hiện r&otilde; vết sẹo mờ dưới cằm, t&ocirc;i đưa tay như cố chạm v&agrave;o người &ocirc;ng, c&aacute;i cảm gi&aacute;c gần gũi bố, c&aacute;i cảm gi&aacute;c được chăm s&oacute;c y&ecirc;u thương như ng&agrave;y c&ograve;n nhỏ &aacute;m v&agrave;o t&ocirc;i một cơn m&ecirc; sảng k&igrave; dị. B&ecirc;n cạnh nh&agrave; l&agrave; hai vợ chồng trẻ mới cưới được v&agrave;i tuần,c&atilde;i nhau to tiếng, t&ocirc;i cho&agrave;ng dậy, mở mắt. M&agrave;n cửa bị gi&oacute; thổi tung bay, v&agrave;i hạt mưa c&ograve;n r&aacute;ng nhảy v&agrave;o ph&ograve;ng, ướt một g&oacute;c b&agrave;n. Chẳng c&oacute; c&aacute;i khăn n&agrave;o tr&ecirc;n tr&aacute;n, chẳng c&oacute; ai cạnh b&ecirc;n, t&ocirc;i b&oacute; gối ngồi chơi vơi giữa chiếc giường đơn nhỏ x&iacute;u, m&agrave; nay rộng v&agrave; trống trải đến sợ h&atilde;i.</p>\r\n\r\n<p>T&ocirc;i lật đi lật lại quyển nhật k&iacute; h&agrave;nh tr&igrave;nh d&agrave;i. T&ocirc;i từng l&agrave;m con người du h&agrave;nh khắp miền t&acirc;y Nam Bộ với chiếc ba l&ocirc; tr&ecirc;n lưng, c&acirc;u n&oacute;i tr&ecirc;n m&ocirc;i v&agrave; quyển nhật k&iacute; trong t&uacute;i quần. Hai năm qua, t&ocirc;i bỏ x&oacute; n&oacute; nằm tr&ecirc;n kệ, kh&ocirc;ng th&egrave;m chạm tới. H&ocirc;m nay, t&ocirc;i muốn t&igrave;m lại c&acirc;u n&oacute;i của một người l&iacute;nh trở về sau chiến tranh. T&ocirc;i nhớ r&otilde; h&ocirc;m ấy ở Tr&agrave; Vinh, lỡ chuyến ph&agrave; lớn qua b&ecirc;n kia s&ocirc;ng để về kh&aacute;ch sạn, t&ocirc;i hớt hải hỏi người đ&agrave;n &ocirc;ng đang ngồi c&acirc;u ở rặng dừa nước. T&ocirc;i kh&ocirc;ng r&otilde; &ocirc;ng đang c&acirc;u g&igrave;, chỉ ngồi im tĩnh lặng, l&acirc;u l&acirc;u, chiếc n&oacute;n l&aacute; rung l&ecirc;n v&igrave; gi&oacute; luồn qua.</p>\r\n\r\n<p>- Ch&uacute;, con lỡ ph&agrave;. Ch&uacute; cho con qu&aacute; giang qua s&ocirc;ng, nghen?</p>\r\n\r\n<p>&Ocirc;ng đưa mắt nh&igrave;n t&ocirc;i, c&aacute;i nh&igrave;n kh&oacute; hiểu rồi cười x&ograve;a, c&aacute;i nết hiền h&ograve;a mến kh&aacute;ch người Nam Bộ. &Ocirc;ng thu d&acirc;y c&acirc;u, gật đầu, t&ocirc;i kh&ocirc;ng suy nghĩ nhiều, nhảy ngay l&ecirc;n ghe, ch&ograve;ng ch&agrave;nh muốn t&eacute;. &Ocirc;ng đưa m&aacute;i ch&egrave;o nh&egrave; nhẹ xu&ocirc;i d&ograve;ng nước. Chiều, miền T&acirc;y đẹp c&aacute;i đẹp đơn sơ nhưng kh&ocirc;ng k&eacute;m phần mặn m&agrave;, đằm thắm như c&aacute;i m&aacute; hồng của con g&aacute;i nơi đ&acirc;y, c&aacute;i giọng ngọt lịm rao h&agrave;ng khiến bao người chết m&ecirc; chết mệt. T&ocirc;i v&ocirc; t&igrave;nh nh&igrave;n thấy b&agrave;n tay của &ocirc;ng, tay tr&aacute;i mất đi hai ng&oacute;n, &ocirc;ng đưa giọng trầm trầm ph&acirc;n bua:</p>\r\n\r\n<p>- Chiến tranh. Hồi đ&oacute; &aacute;c liệt lắm.</p>\r\n\r\n<p>- Ch&uacute; trở về từ thời chiến?</p>\r\n\r\n<p>- Ừ. Coi vậy cũng ng&oacute;t ngh&eacute;t mấy chục năm. Hồi đ&oacute; mới thanh ni&ecirc;n trai tr&aacute;ng, nay lụm khụm coi sắp xuống gặp anh em đồng ch&iacute;.</p>\r\n\r\n<p>- Ch&uacute; sợ g&igrave; nhất sau khi trở về?</p>\r\n\r\n<p>T&ocirc;i đong đưa tay chạm v&agrave;o d&ograve;ng nước m&aacute;t, v&agrave;i con c&aacute; ưỡn m&igrave;nh như khoe những chiếc vảy lấp l&aacute;nh dưới ho&agrave;ng h&ocirc;n, lặn biến. &Ocirc;ng trầm ng&acirc;m một l&uacute;c l&acirc;u, tay đưa m&aacute;i ch&egrave;o chậm lại, mắt nh&igrave;n ra xa tận nếp gấp ch&acirc;n trời.</p>\r\n\r\n<p>- Sợ nhiều c&aacute;i lắm. Nhưng, sợ nhất l&agrave; sống c&ocirc; đơn. Trở về, nh&agrave; cửa kh&ocirc;ng c&ograve;n, vợ con đi lưu lạc mất. Coi vậy m&agrave; c&aacute;i số tui chung t&igrave;nh &ndash; &ocirc;ng cười hề hề - nh&agrave; ở miệt xứ Tịnh Bi&ecirc;n, cứ đi đến đ&acirc;u hỏi c&oacute; ai thấy vợ tui kh&ocirc;ng, người chỉ đ&ocirc;ng chỉ t&acirc;y, đi t&igrave;m cũng ng&oacute;t gần mười mấy năm, đến đ&acirc;y thấy mến đất, l&agrave;m thấy mến tay, ch&acirc;n, th&ocirc;i, coi như duy&ecirc;n phận đứt đường g&atilde;y g&aacute;nh, tui ở lại đ&acirc;y giăng c&acirc;u kiếm sống qua ng&agrave;y.</p>\r\n\r\n<p>Đọc lại những d&ograve;ng đ&oacute;, t&ocirc;i chợt thắt l&ograve;ng lại. Đ&uacute;ng, chẳng c&oacute; g&igrave; đ&aacute;ng sợ l&agrave; phải sống c&ocirc; đơn, l&agrave; phải bắt đầu mọi thứ một m&igrave;nh, l&agrave; khi chơi vơi kh&ocirc;ng c&oacute; một ai để nhỏ to chia sẻ...</p>\r\n\r\n<p>&quot;Lam, tại sao em lại đối xử với anh như vậy?&quot;</p>\r\n\r\n<p>Tối muộn, t&ocirc;i đọc tin nhắn xong c&oacute; ch&uacute;t bất m&atilde;n. L&agrave; anh n&oacute;i chia tay t&ocirc;i, l&agrave; anh để t&ocirc;i lại một m&igrave;nh, giờ anh tr&aacute;ch cứ như những ng&agrave;y qua t&ocirc;i đ&atilde; l&agrave;m lỗi lầm tệ hại với anh. T&ocirc;i mở tủ lạnh, kiếm lon bia c&ograve;n s&oacute;t lại sau m&ugrave;a tết, khui ra nh&acirc;m nhi với con kh&ocirc; nướng kh&eacute;t lẹt bằng bếp gas. Rồi chếnh cho&aacute;ng, rồi ng&agrave; ng&agrave;, chợt thấy ra t&ocirc;i kh&ocirc;ng phải kẻ lăng nhăng cũng kh&ocirc;ng phải tay đ&agrave;o mỏ chuy&ecirc;n nghiệp, chỉ l&agrave;...t&ocirc;i giấu cảm x&uacute;c m&igrave;nh qu&aacute; giỏi th&ocirc;i.</p>\r\n\r\n<p>- Lam?</p>\r\n\r\n<p>- Em y&ecirc;u anh.</p>\r\n\r\n<p>- G&igrave; cơ?</p>\r\n\r\n<p>- Em n&oacute;i em y&ecirc;u anh! Chẳng phải đ&oacute; l&agrave; điều anh muốn nghe sao?</p>\r\n\r\n<p>- Lam? Em say hả? Lam? C&oacute; bao giờ em uống ba c&aacute;i đ&oacute; đ&acirc;u. Lam?</p>\r\n\r\n<p>- Đừng c&oacute; một c&acirc;u l&agrave; Lam, hai c&acirc;u l&agrave; Lam nữa! Anh muốn em n&iacute;u k&eacute;o anh đ&uacute;ng kh&ocirc;ng? Em đang l&agrave;m n&oacute; đ&acirc;y! Nhưng tại sao anh lại muốn em l&agrave;m n&oacute; khi anh l&agrave; người bỏ ra đi khỏi chuyện t&igrave;nh m&igrave;nh?!</p>\r\n\r\n<p>- ...</p>\r\n\r\n<p>- Anh nghĩ em kh&ocirc;ng y&ecirc;u anh hả? Anh nghĩ l&agrave; em l&agrave; c&aacute;i loại đầu to&agrave;n đất, tim to&agrave;n xi măng th&eacute;p sắt hay sao? Tại sao anh lại đi? Tại sao? Anh c&oacute; biết l&agrave; khi ba em n&oacute;i ba em đi, &ocirc;ng ấy đ&atilde; kh&ocirc;ng về nữa! Anh c&oacute; biết l&agrave; khi m&aacute; em n&oacute;i m&aacute; em đi, m&aacute; em cũng kh&ocirc;ng về nữa! Vậy sao anh n&oacute;i l&agrave; đi, anh c&oacute; biết em sợ thế n&agrave;o kh&ocirc;ng? Anh c&oacute; suy nghĩ cho em kh&ocirc;ng? Cứ khư khư c&aacute;i suy nghĩ của anh rồi cho rằng anh l&agrave; người tổn thương nhất ở đ&acirc;y hả? Đ&uacute;ng! Ch&uacute;ng ta ai cũng tổn thương! Nhưng c&aacute;i em giấu cho anh, kh&ocirc;ng chỉ l&agrave; tổn thương đ&acirc;u! Em c&ograve;n gửi v&agrave;o anh sự hi vọng, mong ng&oacute;ng, rồi c&aacute;i anh mang cho em chỉ l&agrave; chia ly!</p>\r\n\r\n<p>- ...</p>\r\n\r\n<p>- Tiến n&egrave;, đời em trải qua qu&aacute; nhiều cuộc chia ly mất m&aacute;t rồi. Th&ecirc;m nữa, cũng kh&ocirc;ng sao. Th&ocirc;i, ch&agrave;o anh, ch&uacute;c anh c&oacute; được một cuộc sống trọn vẹn.</p>\r\n\r\n<p>- Lam...</p>\r\n\r\n<p>Thức dậy sau một giấc ngủ d&agrave;i, ghế của xe kh&ocirc;ng được &ecirc;m l&agrave;m cổ t&ocirc;i mỏi nhừ, muốn r&atilde; n&aacute;t. Con L&uacute;a trong t&uacute;i đựng ngủ say sưa qu&ecirc;n trời đất. Chị lơ xe bằng giọng miền t&acirc;y lơ lớ giọng hoa kiều mời gọi kh&aacute;ch, t&ocirc;i chợt nhớ l&agrave; đ&ecirc;m qua đ&atilde; mua v&eacute; đi về C&agrave; Mau. Hai b&ecirc;n cửa sổ, gi&oacute; l&ugrave;a v&agrave;o khe tạo th&agrave;nh tiếng r&iacute;t khe khẽ mang theo m&ugrave;i nước mặn v&agrave; m&ugrave;i của b&ocirc;ng l&uacute;a non đang độ trổ sữa thơm ng&agrave;o ngạt. T&ocirc;i mở điện thoại, t&aacute;m mươi hai cuộc gọi từ Nh&atilde;, gần trăm cuộc gọi từ anh. Kh&ocirc;ng buồn kiểm tra, t&ocirc;i n&eacute;m n&oacute; v&agrave;o ba l&ocirc;, nhắm nghiền mắt h&iacute;t lấy dung hoa đất trời. T&ocirc;i đi loanh quanh cả mấy tiếng rồi mới tiếc nuối bắt chuyến ph&agrave; cuối c&ugrave;ng xu&ocirc;i về miệt Năm Căn, gh&eacute; thăm bố t&ocirc;i. Bố t&ocirc;i nằm lại mảnh đất qu&ecirc; hương, cạnh &ocirc;ng b&agrave;, cạnh những người th&acirc;n quanh năm được ch&uacute; &Uacute;t nhang kh&oacute;i, n&ecirc;n l&ograve;ng t&ocirc;i cũng an ủi đ&ocirc;i phần. Đ&ocirc;i gi&agrave;y mới bỡ ngỡ đạp tr&ecirc;n đất ruộng, c&aacute;i đất m&agrave;u loang lổ lam x&aacute;m trơn trượt, v&agrave;i b&ocirc;ng cỏ may quấn lấy ch&acirc;n, vướng lại đ&ocirc;i hoa cỏ l&igrave;a c&agrave;nh tiếc nuối. Mặt trời lười, vươn người rồi đi ngủ sớm, chỉ s&oacute;t lại ch&uacute;t &aacute;nh nắng cam nh&uacute;n nhảy tr&ecirc;n đầu những ngọn l&uacute;a mới vươn. T&ocirc;i ngắt một b&ocirc;ng, đưa l&ecirc;n miệng cắn. C&aacute;i chất ngọt ngọt thanh thanh chảy v&agrave;o cổ họng như đang nếm trọn c&aacute;i hương vị ngọt ng&agrave;o của qu&ecirc; mẹ. V&agrave;i con vịt trời hốt hoảng tung bay l&ecirc;n bầu trời, chỉ c&ograve;n lại tiếng k&ecirc;u quạc...quạc buồn b&atilde;. C&oacute;c, nh&aacute;i cũng bắt đầu r&acirc;m ran họp chợ, tiếng ch&uacute;ng n&oacute; trầm buồn, pha lẫn v&agrave;i con dế cố r&eacute;t r&eacute;t v&agrave;i tiếng thật đơn độc. T&ocirc;i đứng lại, nh&igrave;n v&agrave;o đường trước mặt d&agrave;i thăm thẳm, trải mắt một m&agrave;u xanh non ng&uacute;t ng&agrave;n, một m&agrave;u cam nắng sắp tắt hẳn, một c&aacute;i t&acirc;m tư đầy rẫy c&ocirc; đơn giữa đất trời sắp tối, nom ch&ecirc;nh v&ecirc;nh đến đ&aacute;ng sợ.</p>\r\n\r\n<p>- T&iacute;a! Hai Lam về!</p>\r\n\r\n<p>Tiếng thằng em reo l&ecirc;n như được qu&agrave; khi thấy t&ocirc;i x&aacute;ch ba l&ocirc; nặng trĩu, thất thiểu bước thấp bước cao. Ch&uacute; &Uacute;t trong ch&ograve;i chạy ra, tay vẫn cầm c&acirc;y s&agrave;o đuổi vịt.</p>\r\n\r\n<p>- Lam!</p>\r\n\r\n<p>Nh&atilde; chạy ra từ nh&agrave; ch&iacute;nh, mắt mũi n&oacute; sưng v&ugrave; như vừa kh&oacute;c một trận thập tử nhất sinh.</p>\r\n\r\n<p>- M&agrave;y c&oacute; đi cũng n&oacute;i tao biết chứ! Tao gọi m&agrave;y bao nhi&ecirc;u cuộc rồi! C&ograve;n tắt nguồn! hu hu</p>\r\n\r\n<p>- Lam ơi!</p>\r\n\r\n<p>Lao ra sau Nh&atilde;, c&aacute;i b&oacute;ng cao r&aacute;o kh&ocirc;ng kịp mang cả d&eacute;p, ch&acirc;n trần đạp l&ecirc;n mớ dứa dại m&agrave; ch&uacute; &Uacute;t phơi ngo&agrave;i s&acirc;n đ&acirc;m đau nh&oacute;i chụp lấy đ&ocirc;i bờ vai t&ocirc;i.</p>\r\n\r\n<p>Anh nh&igrave;n v&agrave;o mắt t&ocirc;i, rất l&acirc;u, c&ograve;n ch&uacute;t &aacute;nh s&aacute;ng s&oacute;t lại của trời chiều, t&ocirc;i nh&igrave;n thấy mắt anh xa x&ocirc;i, thăm thẳm s&acirc;u như một c&aacute;i hồ kh&ocirc;ng đ&aacute;y, c&ograve;n t&ocirc;i th&igrave; kh&ocirc;ng biết bơi, mặc t&igrave;nh ch&igrave;m s&acirc;u kh&ocirc;ng v&ugrave;ng vẫy...</p>\r\n\r\n<p>Anh k&eacute;o t&ocirc;i v&agrave;o l&ograve;ng m&igrave;nh, siết chặt. Đ&aacute;m con n&iacute;t ồ l&ecirc;n th&iacute;ch th&uacute;, ch&uacute; &Uacute;t cầm c&aacute;i s&agrave;o đuổi vịt dọa đ&aacute;nh từng đứa, ch&uacute;ng n&oacute; chạy x&ocirc; v&agrave;o nh&agrave;, ra sau h&egrave;, nhưng vẫn cười kh&uacute;c kh&iacute;ch th&iacute;ch ch&iacute;. T&ocirc;i chạm nhẹ đầu ng&oacute;n tay v&agrave;o lưng anh, ướt đẫm mồ h&ocirc;i, thấy b&igrave;nh y&ecirc;n như c&aacute;i chiều h&egrave; năm n&agrave;o nằm y&ecirc;n tr&ecirc;n đ&ugrave;i bố, chờ &ocirc;ng r&agrave; đ&agrave;i, mắt xa x&ocirc;i ngắm đ&agrave;n c&ograve; đang quải c&aacute;nh bay về tổ. Thấy ấm &aacute;p như c&aacute;i m&ugrave;a mưa năm n&agrave;o hết dầu, nh&agrave; tối thui, t&ocirc;i tr&ugrave;m chăm ngồi giữa bố mẹ, nghe những c&acirc;u chuyện li&ecirc;u trai rồi th&eacute;t ầm l&ecirc;n khi bố cố dọa. Thấy nhẹ nh&agrave;ng như buổi s&aacute;ng tinh mơ bố đ&aacute;nh thức t&ocirc;i dậy, t&ocirc;i ngồi ng&aacute;p ngắn d&agrave;i tr&ecirc;n giường tre sau h&egrave;, chờ &ocirc;ng x&agrave;o nhanh mớ nui ng&acirc;m từ đ&ecirc;m qua cho t&ocirc;i ăn đặng đi học. T&ocirc;i nhắm nghiền mắt, ừ, đ&uacute;ng, kh&ocirc;ng c&oacute; g&igrave; đ&aacute;ng sợ bằng c&ocirc; đơn!</p>\r\n\r\n<p>T&ocirc;i hiểu ra rằng, chia ly kh&ocirc;ng c&oacute; nghĩa l&agrave; kết th&uacute;c, chỉ l&agrave; để bắt đầu lại c&aacute;i kh&aacute;c, mới mẻ v&agrave; tốt đẹp hơn.</p>\r\n\r\n<p>L&uacute;a nh&igrave;n ra xa xăm, đưa miệng k&ecirc;u meo meo, sau đ&oacute;, n&oacute; quảy đu&ocirc;i đi v&agrave;o nh&agrave;, nằm d&agrave;i chờ ăn c&aacute; tr&ecirc;n bếp mặc kệ trời gi&ocirc;ng gi&oacute; ngo&agrave;i kia...</p>\r\n', 3, 4, 'Trọng Huy', 'VNE-1524823571.png', 1, '2018-04-27 10:06:11', 6),
(63, 32, 'HỘI CHỨNG TRƯỜNG CHUYÊN, LỚP CHỌN ', 'Lời đính chính: tôi đã trăn trở về đề tài này lâu lắm rồi, ít ra cũng phải 6 năm, nhưng mãi mới hôm nay mới viết những ý tưởng của mình xuống vì sự cẩn trọng. Đây chỉ là quan sát của cá nhân tôi, chưa được nghiên cứu chứng thực. ', '<p><strong><em>&quot; &quot;&nbsp; &nbsp; Lời đ&iacute;nh ch&iacute;nh: t&ocirc;i đ&atilde; trăn trở về đề t&agrave;i n&agrave;y l&acirc;u lắm rồi, &iacute;t ra cũng phải 6 năm, nhưng m&atilde;i mới h&ocirc;m nay mới viết những &yacute; tưởng của m&igrave;nh xuống v&igrave; sự cẩn trọng. Đ&acirc;y chỉ l&agrave; quan s&aacute;t của c&aacute; nh&acirc;n t&ocirc;i, chưa được nghi&ecirc;n cứu chứng thực. T&ocirc;i cũng biết rằng những g&igrave; t&ocirc;i quan s&aacute;t được kh&ocirc;ng đại diện cho tất cả c&aacute;c bạn trẻ đ&atilde; được đ&agrave;o tạo trong m&ocirc;i trường trường chuy&ecirc;n - lớp chọn. T&ocirc;i mong c&aacute;c anh chị gi&aacute;o vi&ecirc;n, bạn b&egrave;, cũng như thế hệ đ&agrave;n em đ&atilde;, đang, v&agrave; sẽ c&ocirc;ng t&aacute;c hay học ở c&aacute;c trường chuy&ecirc;n - lớp chọn KH&Ocirc;NG c&oacute; cảm gi&aacute;c t&ocirc;i tấn c&ocirc;ng hay ph&ecirc; ph&aacute;n họ nếu họ t&igrave;nh cờ đọc b&agrave;i n&agrave;y. T&ocirc;i viết b&agrave;i n&agrave;y với niềm mong ước rằng thế hệ đ&agrave;n em của t&ocirc;i, những em gặp c&aacute;c vấn đề tương tự trong b&agrave;i n&agrave;y, sẽ học c&aacute;ch để giữ những điểm mạnh v&agrave; vượt qua những điểm yếu m&agrave; hệ thống trường chuy&ecirc;n - lớp chọn mang lại cho họ.</em></strong></p>\r\n\r\n<p>***</p>\r\n\r\n<p>&nbsp; &nbsp; &nbsp; &nbsp; &nbsp; &nbsp; &nbsp; &nbsp; &nbsp; &nbsp; &nbsp; &nbsp; &nbsp; &nbsp; &nbsp; &nbsp; &nbsp; &nbsp; &nbsp; &nbsp; &nbsp; &nbsp; &nbsp; &nbsp; &nbsp; &nbsp; &nbsp; &nbsp; &nbsp; &nbsp;<img alt=\"hoi-chung-truong-chuyen-lop-chon\" src=\"http://www.truyenngan.com.vn/images/Phuongvtm/2018-03/hoi-chung-truong-chuyen-lop-chon.jpg\" style=\"height:293px; width:450px\" /></p>\r\n\r\n<p><strong>Một</strong></p>\r\n\r\n<p>Khoảng s&aacute;u năm trước đ&acirc;y, trong một lần gặp gỡ với gia đ&igrave;nh của một sinh vi&ecirc;n, người cha chia sẻ với t&ocirc;i tầm quan trọng của việc một người trẻ phải lu&ocirc;n lu&ocirc;n ở trong nh&oacute;m 5% giỏi nhất của bất cứ nơi n&agrave;o bạn ấy học, kể cả lớp học th&ecirc;m tại trung t&acirc;m b&ecirc;n ngo&agrave;i. Anh giải th&iacute;ch với t&ocirc;i rằng đ&oacute; l&agrave; con đường dẫn đến th&agrave;nh c&ocirc;ng trong x&atilde; hội dựa tr&ecirc;n kinh nghiệm của bản th&acirc;n anh v&agrave; cả rất nhiều người kh&aacute;c nữa. Cũng trong buổi gặp h&ocirc;m ấy, anh kể t&ocirc;i nghe nỗi thất vọng khi con trai lớn của anh kh&ocirc;ng đạt được ti&ecirc;u chuẩn ấy. Em vẫn lu&ocirc;n học lớp thường, trường thường, v&agrave; chẳng nỗi bật ch&uacute;t n&agrave;o như ng&agrave;y anh c&ograve;n trẻ. Người cha ấy đến gặp t&ocirc;i với lo lắng rằng con anh sẽ kh&ocirc;ng kiếm được một việc l&agrave;m tốt sau khi ra trường.</p>\r\n\r\n<p>T&ocirc;i c&oacute; kh&aacute; nhiều anh chị bạn b&egrave; l&agrave;m việc trong hệ thống gi&aacute;o dục tại Việt Nam; d&ugrave; cho họ kh&ocirc;ng th&iacute;ch những giờ d&agrave;i đăng đẳng con họ d&agrave;nh cho việc học trong lẫn ngo&agrave;i trường, sự mệt mỏi v&igrave; thiếu thời gian nghỉ ngơi, vui chơi để c&acirc;n bằng cho cuộc sống của tuổi dậy th&igrave; đến đ&acirc;u đi chăng nữa, họ vẫn quyết định khuyến kh&iacute;ch, thậm ch&iacute; &eacute;p con họ v&agrave;o cho bằng được c&aacute;c trường điểm, trường chuy&ecirc;n của tỉnh hay th&agrave;nh phố. Họ n&oacute;i với t&ocirc;i rằng đ&oacute; vẫn l&agrave; con đường tốt nhất để dẫn đến nhiều cơ hội th&agrave;nh c&ocirc;ng trong sự nghiệp sau n&agrave;y.</p>\r\n\r\n<p><strong>Hai</strong></p>\r\n\r\n<p>T&ocirc;i đ&atilde; kh&ocirc;ng c&atilde;i với người cha ấy cũng như lu&ocirc;n t&ocirc;n trọng quyết định của c&aacute;c anh chị bạn b&egrave; m&igrave;nh. Nhưng trong t&ocirc;i vẫn lu&ocirc;n đau đ&aacute;u một c&acirc;u hỏi từ ng&agrave;y ấy, &#39;Trường chuy&ecirc;n - lớp chọn c&oacute; thật sự tốt cho tất cả c&aacute;c bạn trẻ?&#39; L&uacute;c ấy t&ocirc;i chưa đủ th&ocirc;ng tin v&agrave; kiến thức để trả lời cho nỗi trăn trở của m&igrave;nh. M&atilde;i đến s&aacute;u th&aacute;ng gần đ&acirc;y t&ocirc;i mới x&aacute;c định rằng, &#39;Trường chuy&ecirc;n - lớp chọn quả thật mang lại nhiều lợi &iacute;ch cho những ai ph&ugrave; hợp với m&ocirc;i trường cạnh tranh ấy. Nhưng với một số bạn trẻ kh&aacute;c, hệ thống n&agrave;y cũng mang lại những hệ quả kh&aacute; ti&ecirc;u cực đủ để xo&aacute; nho&agrave; những ưu điểm ấy.&#39; T&ocirc;i nghĩ, cũng như bao quyết định hướng nghiệp kh&aacute;c, c&aacute;c bạn trẻ v&agrave; cha mẹ n&ecirc;n t&igrave;m hiểu thật kỹ xem trường chuy&ecirc;n lớp chọn c&oacute; ph&ugrave; hợp với m&igrave;nh kh&ocirc;ng trước khi quyết định v&agrave;o học.</p>\r\n\r\n<p><strong>Ba</strong></p>\r\n\r\n<p>Trong suốt hơn 9 năm l&agrave;m việc trong lĩnh vực tư vấn hướng nghiệp tại Việt Nam, gần như hơn 90% c&aacute;c trường hợp CỰC KH&Oacute; l&agrave; c&aacute;c em đ&atilde; học tại trường chuy&ecirc;n - lớp chọn. Họ gặp rất nhiều kh&oacute; khăn trong quyết định chọn ng&agrave;nh học, đổi ng&agrave;nh học, rồi sau đ&oacute; l&agrave; chọn chương tr&igrave;nh thực tập, chọn c&ocirc;ng ty l&agrave;m, đổi việc, ... Đặc điểm chung t&ocirc;i thường thấy ở họ l&agrave;, &#39;Họ so s&aacute;nh bản th&acirc;n m&igrave;nh trong mọi l&uacute;c, mọi nơi, với mọi người.&#39; Điều n&agrave;y dẫn đến việc d&ugrave; học rất giỏi, l&agrave;m việc kh&aacute; tốt, họ lu&ocirc;n lu&ocirc;n sợ h&atilde;i họ chưa đủ giỏi, chưa đủ tốt, v&igrave; sao kh&ocirc;ng bằng người n&agrave;y, v&igrave; sao dở hơn người nọ, vv. v&agrave; vv.</p>\r\n\r\n<p>Vấn đề m&agrave; họ gặp phải kh&ocirc;ng c&ograve;n thuần tu&yacute; l&agrave; vấn đề hướng nghiệp, m&agrave; đ&atilde; chuyển qua vấn đề t&acirc;m l&yacute; về sự thiếu tự tin, về việc lu&ocirc;n lu&ocirc;n kh&ocirc;ng h&agrave;i l&ograve;ng với bản th&acirc;n, về th&oacute;i quen ph&oacute;ng chiếu sai lầm của bản th&acirc;n c&ugrave;ng sự sợ h&atilde;i thường xuy&ecirc;n về những thất bại c&oacute; thể xảy ra n&ecirc;n cuối c&ugrave;ng kết quả l&agrave; họ - kh&ocirc;ng - l&agrave;m - g&igrave; - cả, đ&ocirc;ng cứng trong nỗi hoảng loạn của ri&ecirc;ng m&igrave;nh.</p>\r\n\r\n<p><strong>Bốn</strong></p>\r\n\r\n<p>Khi đồng h&agrave;nh c&ugrave;ng họ, t&ocirc;i thường hay lấy h&igrave;nh ảnh của một người đạp xe l&ecirc;n dốc m&agrave; hai tay th&igrave; li&ecirc;n tục b&oacute;p thắng. T&ocirc;i h&igrave;nh dung những khả năng, kỹ năng, v&agrave; sở th&iacute;ch của họ với h&agrave;nh động đạp xe. Tương tự, t&ocirc;i d&ugrave;ng h&igrave;nh ảnh li&ecirc;n tục b&oacute;p thắng để minh hoạ nỗi sợ h&atilde;i triền mi&ecirc;n b&ecirc;n trong họ. V&agrave; rất nhiều lần, họ bật kh&oacute;c trước mặt t&ocirc;i.</p>\r\n\r\n<p>Họ kể t&ocirc;i nghe về những năm d&agrave;i chiến đấu c&ugrave;ng s&aacute;ch vở, nỗi buồn khi bạn b&egrave; trong x&oacute;m đi chơi trong l&uacute;c họ miệt m&agrave;i học h&agrave;nh. Họ kể t&ocirc;i nghe về nỗi sợ của những lần tuyển chọn đội ngũ học sinh giỏi tham gia c&aacute;c cuộc thi cấp trường, tỉnh, quốc gia, quốc tế; họ sợ kh&ocirc;ng được chọn, v&agrave; khi được chọn sợ kh&ocirc;ng đậu cao, v&agrave; khi đậu cao sợ lần thi sau kh&ocirc;ng cao hơn nữa...</p>\r\n\r\n<p>Suốt cuộc đời đi học, trước mặt họ lu&ocirc;n l&agrave; những đỉnh n&uacute;i cao hơn m&agrave; họ phải vượt qua. Động lực để vượt qua kh&ocirc;ng phải l&agrave; niềm vui hay chọn lựa của bản th&acirc;n - m&agrave; l&agrave; nỗi sợ bị ch&ecirc; cười, đ&aacute;nh gi&aacute;, hay th&acirc;m ch&iacute; l&agrave; khinh bỉ khi kh&ocirc;ng vượt l&ecirc;n được.</p>\r\n\r\n<p><strong>Năm</strong></p>\r\n\r\n<p>Khi nhận ra được cốt l&otilde;i vấn đề, họ tập c&ocirc;ng nhận những th&agrave;nh quả của m&igrave;nh, d&ugrave; nhỏ d&ugrave; lớn. Họ tập đối thoại với bản th&acirc;n rằng m&igrave;nh đủ tốt, đủ giỏi. Họ tiếp tục học hỏi để tiến bộ hơn so với bản th&acirc;n s&aacute;u th&aacute;ng trước thay v&igrave; so với người &#39;nổi tiếng&#39; ở ph&ograve;ng b&ecirc;n cạnh. Cuộc h&agrave;nh tr&igrave;nh n&agrave;y kh&ocirc;ng hề dễ d&agrave;ng ch&uacute;t n&agrave;o, nhưng v&igrave; họ bắt đầu nhận thấy, họ đ&atilde; t&igrave;m ra lối đi cho ri&ecirc;ng m&igrave;nh một c&aacute;ch b&igrave;nh an.</p>\r\n\r\n<p>L&uacute;c ấy, tất cả c&aacute;c ưu điểm của gi&aacute;o dục trường chuy&ecirc;n - lớp chọn được ph&aacute;t huy tối đa. Mạng lưới x&atilde; hội của họ rất vững - v&igrave; bạn b&egrave; c&ugrave;ng lớp đều như họ, được tuyển lựa từ những học sinh giỏi nhất trong v&ugrave;ng. Khả năng tự học của họ rất cao nhờ th&oacute;i quen v&ugrave;i đầu v&agrave;o s&aacute;ch vở bao năm d&agrave;i tạo n&ecirc;n. Kiến thức chuy&ecirc;n ng&agrave;nh của họ rất vững v&igrave; được r&egrave;n bởi những thầy c&ocirc; giỏi, nhiều kinh nghiệm cũng như c&aacute;c cuộc thi trong v&agrave; ngo&agrave;i nước. Động lực của họ mạnh v&igrave; họ quen lu&ocirc;n chinh phục những đỉnh cao ph&iacute;a trước, kh&ocirc;ng bằng l&ograve;ng với những g&igrave; đ&atilde; đạt được.</p>\r\n\r\n<p><strong>Kết</strong></p>\r\n\r\n<p>Cho những em đ&atilde; v&agrave; đang học trường chuy&ecirc;n - lớp chọn c&oacute; những vấn đề tương tự trong b&agrave;i n&agrave;y, t&ocirc;i muốn chia sẻ với c&aacute;c em rằng, &#39;H&atilde;y thay thế sự so s&aacute;nh m&igrave;nh với người kh&aacute;c bằng m&igrave;nh với ng&agrave;y h&ocirc;m qua. H&atilde;y xem những cuộc thi đấu v&agrave; thử th&aacute;ch l&agrave; một phần trong cuộc h&agrave;nh tr&igrave;nh đi học. D&ugrave; thắng hay thua th&igrave; lợi &iacute;ch lớn nhất l&agrave; sự cọ s&aacute;t v&agrave; học hỏi trong qu&aacute; tr&igrave;nh. Kết quả kh&ocirc;ng quan trọng bằng qu&aacute; tr&igrave;nh - em gặp ai, l&agrave;m g&igrave;, ứng đối ra sao với stress, hiểu m&igrave;nh v&agrave; hiểu người như thế n&agrave;o, đểu quan trọng hơn thứ hạng cuối c&ugrave;ng.&#39;</p>\r\n\r\n<p>Quan trọng nhất, t&ocirc;i mong c&aacute;c em hiểu được rằng, &#39;Đừng cho bất cứ ai thuyết phục c&aacute;c em rằng c&aacute;c em chưa đủ giỏi - v&igrave; c&aacute;c em đ&atilde; đủ giỏi rồi.&#39;</p>\r\n', 1, 4, 'Đang cập nhật', 'VNE-1524823551.jpg', 1, '2018-04-27 10:18:12', 11),
(64, 32, 'Tình yêu mang tên U23 Việt Nam', 'Tôi sẽ bắt đầu câu chuyện bằng hình ảnh quốc ca Việt Nam vang lên trên sân vận động Thường Châu Trung Quốc. Khoảnh khắc lịch sử ấy bao nhiêu giọt nước mắt đã rơi. Những giọt những mắt hạnh phúc vỡ òa khi lần đầu tiên U23 Việt Nam lọt vào chung kết một giả', '<p><strong>&quot;T&ocirc;i sẽ bắt đầu c&acirc;u chuyện bằng h&igrave;nh ảnh quốc ca Việt Nam vang l&ecirc;n tr&ecirc;n s&acirc;n vận động Thường Ch&acirc;u-Trung Quốc. Khoảnh khắc lịch sử ấy bao nhi&ecirc;u giọt nước mắt đ&atilde; rơi. Những giọt những mắt hạnh ph&uacute;c vỡ &ograve;a khi lần đầu ti&ecirc;n U23 Việt Nam lọt v&agrave;o chung kết một giải đấu ch&acirc;u lục. Những giọt nước mắt nghẹn ng&agrave;o thương những cầu thủ Việt Nam phải thi đấu dưới cơn mưa tuyết buốt lạnh. Những giọt nước mắt rơi cho những nghịch cảnh trớ tr&ecirc;u, khắc nghiệt. Những giọt nước mắt cho những y&ecirc;u thương đong đầy.&quot;</strong></p>\r\n\r\n<p><strong>&nbsp; &nbsp; &nbsp; &nbsp; &nbsp; &nbsp; &nbsp; &nbsp; &nbsp; &nbsp; &nbsp; &nbsp; &nbsp; &nbsp; &nbsp; &nbsp; &nbsp; &nbsp; &nbsp; &nbsp; &nbsp; &nbsp; &nbsp; &nbsp; &nbsp; &nbsp; &nbsp; &nbsp; &nbsp; &nbsp; &nbsp; &nbsp; &nbsp; &nbsp; &nbsp; &nbsp; &nbsp; &nbsp; &nbsp; &nbsp; &nbsp; &nbsp; &nbsp; &nbsp; &nbsp; &nbsp; &nbsp; &nbsp; &nbsp; &nbsp; &nbsp; &nbsp; &nbsp; &nbsp; &nbsp; &nbsp; &nbsp; &nbsp; &nbsp; &nbsp; &nbsp; &nbsp; &nbsp; &nbsp; &nbsp; &nbsp; &nbsp;***</strong></p>\r\n\r\n<p>Thường Ch&acirc;u b&ecirc;n ấy tuyết rơi rồi. H&agrave; Nội nơi n&agrave;y cũng c&oacute; mưa. Nhưng tất cả c&oacute; l&agrave; g&igrave; khi ngọn lửa trong tim vẫn ch&aacute;y, khi niềm nhiệt huyết vẫn căng tr&agrave;n hơn bao giờ hết, khi t&igrave;nh y&ecirc;u b&oacute;ng đ&aacute;, t&igrave;nh y&ecirc;u Tổ quốc được ch&aacute;y hết m&igrave;nh. Chưa bao giờ những con người Việt Nam lại hạnh ph&uacute;c, lại đo&agrave;n kết gắn b&oacute; đến như vậy. Chưa bao giờ h&igrave;nh ảnh cờ hoa lại nhuộm đỏ khắp mọi nẻo đường đến như thế. Đ&acirc;u đ&acirc;u cũng nghe người người, nh&agrave; nh&agrave; nhắc về U23, n&eacute;t mặt ai cũng h&acirc;n hoan, rạng rỡ.</p>\r\n\r\n<p>Ch&uacute;c ta đang sống trong những ng&agrave;y hạnh ph&uacute;c nhất, trong những cảm x&uacute;c d&acirc;ng tr&agrave;o m&agrave; chỉ c&oacute; b&oacute;ng đ&aacute; mới đem lại.</p>\r\n\r\n<p>&nbsp; &nbsp; &nbsp; &nbsp; &nbsp; &nbsp; &nbsp; &nbsp; &nbsp; &nbsp; &nbsp; &nbsp; &nbsp; &nbsp; &nbsp; &nbsp; &nbsp;&nbsp;<img alt=\"tinh-yeu-mang-ten-u23-viet-nam\" src=\"http://www.truyenngan.com.vn/images/Phuongvtm/2018-01/tinh-yeu-mang-ten-u23-viet-nam.jpg\" style=\"height:600px; width:600px\" /></p>\r\n\r\n<p>U23 Việt Nam v&agrave; những chiến binh &aacute;o đỏ anh h&ugrave;ng. VCK U23 ch&acirc;u &Aacute; đ&atilde; kết th&uacute;c nhưng những dư &acirc;m về một giải đấu đại th&agrave;nh c&ocirc;ng, về c&acirc;u chuyện cổ t&iacute;ch U23 Việt Nam đ&atilde; viết n&ecirc;n th&igrave; sẽ c&ograve;n vang m&atilde;i. Ch&uacute;ng ta sẽ c&ograve;n phải nhắc nhiều về họ cho đến l&acirc;u, rất l&acirc;u sau n&agrave;y.</p>\r\n\r\n<p>U23 Việt Nam- niềm tự h&agrave;o d&acirc;n tộc. Những con người đ&aacute;ng tự h&agrave;o ấy đ&atilde; gi&uacute;p t&ocirc;i nhận ra nhiều điều. Rằng thế n&agrave;o l&agrave; kh&ocirc;ng bao giờ bỏ cuộc, l&agrave; cố gắng hết m&igrave;nh, l&agrave; chiến đấu tới gi&acirc;y ph&uacute;t cuối c&ugrave;ng. T&ocirc;i thật sự đ&atilde; kh&oacute;c khi trọng t&agrave;i thổi c&ograve;i kết th&uacute;c trận chung kết. T&ocirc;i kh&oacute;c khi nh&igrave;n thấy Tiến Dũng gục ng&atilde; kh&oacute;c, Xu&acirc;n Trường thẫn thờ tr&ecirc;n s&acirc;n. V&agrave; chắc hẳn nhiều cổ động vi&ecirc;n kh&ocirc;ng thể k&igrave;m l&ograve;ng khi thấy huấn luyện vi&ecirc;n Park Hang Seo động vi&ecirc;n học tr&ograve; &quot; Ch&uacute;ng ta đ&atilde; nỗ lực hết sức, tại sao phải c&uacute;i đầu&quot;. Phải rồi c&aacute;c ch&agrave;ng trai của t&ocirc;i ơi, c&aacute;c anh đ&atilde; l&agrave;m rất tốt tại sao phải c&uacute;i đầu, h&atilde;y ngẩng cao đầu v&igrave; ch&uacute;ng t&ocirc;i vẫn lu&ocirc;n y&ecirc;u q&uacute;y c&aacute;c anh, vẫn lu&ocirc;n ở b&ecirc;n ủng hộ c&aacute;c anh d&ugrave; c&oacute; ra sao đi nữa v&agrave; vẫn lu&ocirc;n tự h&agrave;o về c&aacute;c anh- như những người anh h&ugrave;ng d&acirc;n tộc. H&ocirc;m nay chỉ l&agrave; c&aacute;c anh k&eacute;m may mắn hơn th&ocirc;i.</p>\r\n\r\n<p>Nếu ai đ&oacute; c&ograve;n buồn v&igrave; niềm vui ấy chưa thật sự trọn vẹn. Th&igrave; xin h&atilde;y cứ kh&oacute;c đi, kh&oacute;c v&igrave; nhiều khi chỉ l&agrave; nước mắt cần rơi, kh&oacute;c để sau đ&oacute; tr&ecirc;n m&ocirc;i nở nụ cười v&agrave; tiếp tục ủng hộ những ch&agrave;ng trai &aacute;o đỏ- những nh&agrave; v&ocirc; địch trong tr&aacute;i tim hơn 90 triệu người d&acirc;n Việt Nam. Ch&uacute;ng t&ocirc;i y&ecirc;u mếm những d&aacute;ng người nhỏ b&eacute;, y&ecirc;u mếm những bước chạy nhanh nhẹn tr&ecirc;n s&acirc;n cỏ v&agrave; hơn hết ch&uacute;ng t&ocirc;i y&ecirc;u mếm tất cả c&aacute;c anh.</p>\r\n\r\n<p>Nếu ai đ&oacute; hỏi t&ocirc;i những ng&agrave;y n&agrave;y điều g&igrave; l&agrave;m bạn hạnh ph&uacute;c nhất. T&ocirc;i nghĩ kh&ocirc;ng chỉ ri&ecirc;ng t&ocirc;i m&agrave; sẽ c&oacute; rất nhiều, nhiều người kh&aacute;c sẵn s&agrave;ng tự h&agrave;o đ&aacute;p l&agrave; U23 Việt Nam. Ch&uacute;ng ta đang thật sự sống trong những ng&agrave;y hội, những ng&agrave;y hạnh ph&uacute;c nhất. V&agrave; một lần nữa xin cảm ơn to&agrave;n bộ đội tuyển U23 những cầu thủ, những b&aacute;c sĩ, những trợ l&iacute; huấn luyện. V&agrave; kh&ocirc;ng qu&ecirc;n cảm ơn thầy Park Hang Seo, người thầy đ&atilde; d&agrave;nh hết t&igrave;nh y&ecirc;u của m&igrave;nh cho b&oacute;ng đ&aacute; Việt Nam.</p>\r\n\r\n<p>Cờ đỏ sao v&agrave;ng tung bay khắp mọi nẻo đường, người người, nh&agrave; nh&agrave; lan tỏa niềm vui h&acirc;n hoan đ&oacute;n U23 về nước. &Ocirc;i hạnh ph&uacute;c nhiều khi đơn giản đến lạ k&igrave;.</p>\r\n', 3, 3, 'Đang cập nhật', 'VNE-1524823842.jpg', 1, '2018-04-27 10:18:12', 13);

-- --------------------------------------------------------

--
-- Cấu trúc bảng cho bảng `users`
--

CREATE TABLE `users` (
  `id` int(255) NOT NULL,
  `username` varchar(100) COLLATE utf8_unicode_ci NOT NULL,
  `password` varchar(100) COLLATE utf8_unicode_ci NOT NULL,
  `fullname` varchar(100) COLLATE utf8_unicode_ci NOT NULL,
  `admin` int(2) NOT NULL
) ENGINE=InnoDB DEFAULT CHARSET=utf8 COLLATE=utf8_unicode_ci;

--
-- Đang đổ dữ liệu cho bảng `users`
--

INSERT INTO `users` (`id`, `username`, `password`, `fullname`, `admin`) VALUES
(1, 'admin', '21232f297a57a5a743894a0e4a801fc3', 'Phan Thanh Nguyên', 1),
(4, 'bichdao', '806064f3325db2397e32cd11abd6b3e2', 'Bích Dao', 1),
(5, 'dungnhi', 'dc083b8e61bf96751e05544753f611e6', 'Dung Nhi', 0),
(7, 'ptnbk2401', 'ce2643d191a43668ab1edce16375cb97', 'Phan Thanh Nguyên', 0);

--
-- Chỉ mục cho các bảng đã đổ
--

--
-- Chỉ mục cho bảng `cat`
--
ALTER TABLE `cat`
  ADD PRIMARY KEY (`cat_id`);

--
-- Chỉ mục cho bảng `comment`
--
ALTER TABLE `comment`
  ADD PRIMARY KEY (`id`),
  ADD KEY `idtruyen` (`story_id`);

--
-- Chỉ mục cho bảng `contact`
--
ALTER TABLE `contact`
  ADD PRIMARY KEY (`contact_id`);

--
-- Chỉ mục cho bảng `slide`
--
ALTER TABLE `slide`
  ADD PRIMARY KEY (`ID`);

--
-- Chỉ mục cho bảng `story`
--
ALTER TABLE `story`
  ADD PRIMARY KEY (`story_id`),
  ADD KEY `danhmuc` (`cat_id`);

--
-- Chỉ mục cho bảng `users`
--
ALTER TABLE `users`
  ADD PRIMARY KEY (`id`);

--
-- AUTO_INCREMENT cho các bảng đã đổ
--

--
-- AUTO_INCREMENT cho bảng `cat`
--
ALTER TABLE `cat`
  MODIFY `cat_id` int(11) NOT NULL AUTO_INCREMENT, AUTO_INCREMENT=33;

--
-- AUTO_INCREMENT cho bảng `comment`
--
ALTER TABLE `comment`
  MODIFY `id` int(11) NOT NULL AUTO_INCREMENT, AUTO_INCREMENT=67;

--
-- AUTO_INCREMENT cho bảng `contact`
--
ALTER TABLE `contact`
  MODIFY `contact_id` int(255) NOT NULL AUTO_INCREMENT, AUTO_INCREMENT=13;

--
-- AUTO_INCREMENT cho bảng `slide`
--
ALTER TABLE `slide`
  MODIFY `ID` int(11) NOT NULL AUTO_INCREMENT, AUTO_INCREMENT=14;

--
-- AUTO_INCREMENT cho bảng `story`
--
ALTER TABLE `story`
  MODIFY `story_id` int(11) NOT NULL AUTO_INCREMENT, AUTO_INCREMENT=65;

--
-- AUTO_INCREMENT cho bảng `users`
--
ALTER TABLE `users`
  MODIFY `id` int(255) NOT NULL AUTO_INCREMENT, AUTO_INCREMENT=8;

--
-- Các ràng buộc cho các bảng đã đổ
--

--
-- Các ràng buộc cho bảng `comment`
--
ALTER TABLE `comment`
  ADD CONSTRAINT `idtruyen` FOREIGN KEY (`story_id`) REFERENCES `story` (`story_id`);

--
-- Các ràng buộc cho bảng `story`
--
ALTER TABLE `story`
  ADD CONSTRAINT `danhmuc` FOREIGN KEY (`cat_id`) REFERENCES `cat` (`cat_id`);
COMMIT;

/*!40101 SET CHARACTER_SET_CLIENT=@OLD_CHARACTER_SET_CLIENT */;
/*!40101 SET CHARACTER_SET_RESULTS=@OLD_CHARACTER_SET_RESULTS */;
/*!40101 SET COLLATION_CONNECTION=@OLD_COLLATION_CONNECTION */;
